"trawl_id","count_of_length_cm","count_of_otosag_id","count_of_ovary_id","count_of_stomach_id","count_of_tissue_id","count_of_left_pectoral_fin_id"
"200303003002",33,5,0,0,0,0
"200303003004",4,4,0,0,0,0
"200303003006",50,5,0,0,0,0
"200303003007",50,5,0,0,0,0
"200303003008",1,1,0,0,0,0
"200303003014",1,1,0,0,0,0
"200303003015",1,1,0,0,0,0
"200303003016",15,5,0,0,0,0
"200303003017",8,5,0,0,0,0
"200303003019",51,5,0,0,0,0
"200303003037",7,7,0,0,0,0
"200303003038",20,15,0,0,0,0
"200303003039",68,15,0,0,0,0
"200303003052",102,16,0,0,0,0
"200303003053",25,16,0,0,0,0
"200303003054",1,1,0,0,0,0
"200303003061",51,15,0,0,0,0
"200303003062",10,10,0,0,0,0
"200303003063",1,1,0,0,0,0
"200303003065",32,15,0,0,0,0
"200303003074",57,5,0,0,0,0
"200303003080",51,5,0,0,0,0
"200303003084",53,5,0,0,0,0
"200303003094",14,14,0,0,0,0
"200303003098",18,15,0,0,0,0
"200303003111",1,1,0,0,0,0
"200303006002",16,15,0,0,0,0
"200303006017",15,15,0,0,0,0
"200303006027",101,15,0,0,0,0
"200303006028",29,15,0,0,0,0
"200303006029",71,15,0,0,0,0
"200303006033",2,2,0,0,0,0
"200303006034",28,15,0,0,0,0
"200303006035",12,12,0,0,0,0
"200303006038",27,15,0,0,0,0
"200303006041",101,15,0,0,0,0
"200303006042",21,15,0,0,0,0
"200303006046",83,15,0,0,0,0
"200303006047",3,3,0,0,0,0
"200303006048",13,13,0,0,0,0
"200303006049",4,4,0,0,0,0
"200303006055",12,12,0,0,0,0
"200303006060",9,9,0,0,0,0
"200303006061",14,14,0,0,0,0
"200303006063",79,15,0,0,0,0
"200303006069",70,15,0,0,0,0
"200303006074",1,1,0,0,0,0
"200303006077",102,15,0,0,0,0
"200303006078",3,3,0,0,0,0
"200303006086",15,10,0,0,0,0
"200303006087",2,2,0,0,0,0
"200303006091",49,15,0,0,0,0
"200303006092",12,12,0,0,0,0
"200303006097",88,15,0,0,0,0
"200303006098",91,15,0,0,0,0
"200303006099",87,15,0,0,0,0
"200303006100",145,14,0,0,0,0
"200303006120",102,15,0,0,0,0
"200303006153",1,1,0,0,0,0
"200303008002",32,5,0,0,0,0
"200303008003",50,5,0,0,0,0
"200303008005",10,5,0,0,0,0
"200303008007",69,5,0,0,0,0
"200303008009",14,5,0,0,0,0
"200303008010",10,5,0,0,0,0
"200303008011",55,5,0,0,0,0
"200303008012",5,5,0,0,0,0
"200303008013",5,5,0,0,0,0
"200303008014",1,1,0,0,0,0
"200303008040",3,3,0,0,0,0
"200303008043",80,16,0,0,0,0
"200303008044",12,12,0,0,0,0
"200303008049",71,16,0,0,0,0
"200303008050",4,4,0,0,0,0
"200303008054",6,6,0,0,0,0
"200303008055",2,2,0,0,0,0
"200303008056",114,15,0,0,0,0
"200303008057",90,9,0,0,0,0
"200303008058",15,15,0,0,0,0
"200303008068",12,12,0,0,0,0
"200303008069",5,5,0,0,0,0
"200303008077",8,8,0,0,0,0
"200303008081",14,14,0,0,0,0
"200303008082",5,5,0,0,0,0
"200303008088",3,3,0,0,0,0
"200303008089",95,15,0,0,0,0
"200303008090",2,2,0,0,0,0
"200303008091",1,1,0,0,0,0
"200303008092",42,15,0,0,0,0
"200303008101",69,15,0,0,0,0
"200303008106",52,17,0,0,0,0
"200303008108",60,15,0,0,0,0
"200303008109",53,15,0,0,0,0
"200303008126",51,5,0,0,0,0
"200303008131",6,6,0,0,0,0
"200303008132",50,5,0,0,0,0
"200303008135",49,5,0,0,0,0
"200303008146",1,1,0,0,0,0
"200303008156",16,5,0,0,0,0
"200303010004",3,3,0,0,0,0
"200303010007",74,15,0,0,0,0
"200303010008",98,15,0,0,0,0
"200303010009",109,16,0,0,0,0
"200303010010",11,11,0,0,0,0
"200303010012",11,11,0,0,0,0
"200303010040",7,7,0,0,0,0
"200303010041",44,15,0,0,0,0
"200303010042",42,15,0,0,0,0
"200303010043",89,16,0,0,0,0
"200303010048",46,15,0,0,0,0
"200303010049",1,1,0,0,0,0
"200303010051",42,15,0,0,0,0
"200303010052",103,15,0,0,0,0
"200303010053",1,1,0,0,0,0
"200303010062",3,3,0,0,0,0
"200303010063",2,2,0,0,0,0
"200303010066",1,1,0,0,0,0
"200303010068",1,1,0,0,0,0
"200303010074",89,15,0,0,0,0
"200303010076",11,11,0,0,0,0
"200303010077",83,15,0,0,0,0
"200303010080",1,1,0,0,0,0
"200303010090",43,0,0,0,0,0
"200303010091",1,1,0,0,0,0
"200303010092",1,1,0,0,0,0
"200303010099",101,15,0,0,0,0
"200303010102",82,16,0,0,0,0
"200303010105",56,14,0,0,0,0
"200303010123",73,15,0,0,0,0
"200303010126",48,15,0,0,0,0
"200303010129",1,1,0,0,0,0
"200403008001",24,5,0,0,0,0
"200403008006",5,5,0,0,0,0
"200403008008",43,5,0,0,0,0
"200403008009",73,5,0,0,0,0
"200403008012",8,8,0,0,0,0
"200403008013",66,5,0,0,0,0
"200403008014",52,6,0,0,0,0
"200403008015",22,5,0,0,0,0
"200403008045",1,1,0,0,0,0
"200403008054",16,5,0,0,0,0
"200403008064",2,2,0,0,0,0
"200403008065",43,5,0,0,0,0
"200403008072",6,6,0,0,0,0
"200403008073",137,5,0,0,0,0
"200403008077",116,6,0,0,0,0
"200403008078",8,5,0,0,0,0
"200403008080",114,5,0,0,0,0
"200403008086",10,5,0,0,0,0
"200403008090",110,5,0,0,0,0
"200403008092",18,5,0,0,0,0
"200403008093",6,6,0,0,0,0
"200403008094",32,0,0,0,0,0
"200403008100",28,5,0,0,0,0
"200403008102",8,5,0,0,0,0
"200403008125",7,7,0,0,0,0
"200403008126",1,1,0,0,0,0
"200403008149",4,4,0,0,0,0
"200403008153",5,5,0,0,0,0
"200403008158",6,6,0,0,0,0
"200403008159",37,5,0,0,0,0
"200403008160",11,5,0,0,0,0
"200403008161",2,2,0,0,0,0
"200403008162",5,5,0,0,0,0
"200403010002",50,5,0,0,0,0
"200403010004",13,5,0,0,0,0
"200403010007",50,5,0,0,0,0
"200403010027",3,3,0,0,0,0
"200403010029",8,5,0,0,0,0
"200403010034",19,5,0,0,0,0
"200403010037",88,0,0,0,0,0
"200403010048",49,5,0,0,0,0
"200403010056",15,5,0,0,0,0
"200403010057",50,5,0,0,0,0
"200403010075",48,5,0,0,0,0
"200403010080",52,5,0,0,0,0
"200403010084",12,5,0,0,0,0
"200403010086",4,4,0,0,0,0
"200403010091",51,5,0,0,0,0
"200403010092",2,2,0,0,0,0
"200403010095",2,2,0,0,0,0
"200403010098",27,5,0,0,0,0
"200403010099",68,5,0,0,0,0
"200403010101",19,5,0,0,0,0
"200403010104",44,5,0,0,0,0
"200403010105",15,5,0,0,0,0
"200403010110",17,5,0,0,0,0
"200403010111",2,2,0,0,0,0
"200403010135",8,5,0,0,0,0
"200403010142",4,4,0,0,0,0
"200403010170",8,5,0,0,0,0
"200403010171",3,3,0,0,0,0
"200403010177",1,1,0,0,0,0
"200403015012",15,0,0,0,0,0
"200403015024",12,5,0,0,0,0
"200403015043",52,5,0,0,0,0
"200403015056",1,1,0,0,0,0
"200403015057",2,2,0,0,0,0
"200403015058",2,2,0,0,0,0
"200403015069",13,5,0,0,0,0
"200403015070",13,5,0,0,0,0
"200403015075",5,5,0,0,0,0
"200403015081",7,7,0,0,0,0
"200403015082",61,5,0,0,0,0
"200403015083",19,5,0,0,0,0
"200403015088",2,2,0,0,0,0
"200403015094",24,5,0,0,0,0
"200403015097",1,1,0,0,0,0
"200403015117",27,5,0,0,0,0
"200403015124",50,5,0,0,0,0
"200403015126",2,2,0,0,0,0
"200403015128",51,5,0,0,0,0
"200403015129",27,5,0,0,0,0
"200403015140",41,5,0,0,0,0
"200403015158",2,2,0,0,0,0
"200503008004",12,5,0,0,0,0
"200503008008",51,5,0,0,0,0
"200503008012",32,5,0,0,0,0
"200503008014",8,5,0,0,0,0
"200503008017",19,5,0,0,0,0
"200503008020",12,5,0,0,0,0
"200503008021",16,5,0,0,0,0
"200503008040",1,1,0,0,0,0
"200503008059",4,4,0,0,0,0
"200503008060",25,5,0,0,0,0
"200503008061",2,2,0,0,0,0
"200503008069",12,5,0,0,0,0
"200503008073",1,1,0,0,0,0
"200503008082",12,5,0,0,0,0
"200503008083",39,5,0,0,0,0
"200503008084",44,5,0,0,0,0
"200503008085",54,5,0,0,0,0
"200503008086",2,2,0,0,0,0
"200503008099",10,5,0,0,0,0
"200503008103",2,2,0,0,0,0
"200503008104",50,5,0,0,0,0
"200503008151",1,1,0,0,0,0
"200503008153",32,5,0,0,0,0
"200503008156",27,5,0,0,0,0
"200503008157",52,5,0,0,0,0
"200503008158",1,1,0,0,0,0
"200503008182",16,5,0,0,0,0
"200503008184",4,4,0,0,0,0
"200503008187",7,5,0,0,0,0
"200503008188",11,5,0,0,0,0
"200503008191",4,4,0,0,0,0
"200503008209",31,5,0,0,0,0
"200503010005",49,5,0,0,0,0
"200503010008",51,5,0,0,0,0
"200503010009",6,6,0,0,0,0
"200503010011",2,2,0,0,0,0
"200503010014",5,5,0,0,0,0
"200503010018",50,5,0,0,0,0
"200503010019",15,5,0,0,0,0
"200503010037",6,5,0,0,0,0
"200503010047",3,3,0,0,0,0
"200503010062",21,5,0,0,0,0
"200503010079",7,5,0,0,0,0
"200503010080",4,4,0,0,0,0
"200503010083",6,5,0,0,0,0
"200503010084",3,3,0,0,0,0
"200503010112",33,5,0,0,0,0
"200503010121",5,5,0,0,0,0
"200503010123",6,5,0,0,0,0
"200503010132",26,4,0,0,0,0
"200503010163",2,2,0,0,0,0
"200503017003",1,1,0,0,0,0
"200503017008",12,5,0,0,0,0
"200503017009",2,2,0,0,0,0
"200503017010",2,2,0,0,0,0
"200503017011",8,5,0,0,0,0
"200503017014",66,5,0,0,0,0
"200503017015",4,4,0,0,0,0
"200503017016",9,5,0,0,0,0
"200503017017",8,5,0,0,0,0
"200503017018",12,7,0,0,0,0
"200503017019",8,5,0,0,0,0
"200503017021",2,2,0,0,0,0
"200503017023",44,5,0,0,0,0
"200503017055",2,2,0,0,0,0
"200503017071",6,5,0,0,0,0
"200503017072",42,5,0,0,0,0
"200503017073",11,5,0,0,0,0
"200503017074",4,4,0,0,0,0
"200503017080",71,5,0,0,0,0
"200503017081",3,3,0,0,0,0
"200503017082",76,5,0,0,0,0
"200503017083",36,5,0,0,0,0
"200503017084",50,5,0,0,0,0
"200503017085",31,5,0,0,0,0
"200503017089",89,5,0,0,0,0
"200503017103",9,5,0,0,0,0
"200503017104",51,5,0,0,0,0
"200503017105",56,5,0,0,0,0
"200503017106",68,5,0,0,0,0
"200503017107",38,5,0,0,0,0
"200503017108",34,5,0,0,0,0
"200503017112",18,5,0,0,0,0
"200503017117",5,5,0,0,0,0
"200503017118",2,2,0,0,0,0
"200503017132",11,5,0,0,0,0
"200503017143",36,5,0,0,0,0
"200503017150",23,5,0,0,0,0
"200503017151",1,1,0,0,0,0
"200503017158",5,5,0,0,0,0
"200503018001",61,5,0,0,0,0
"200503018002",5,5,0,0,0,0
"200503018005",2,2,0,0,0,0
"200503018006",67,5,0,0,0,0
"200503018007",7,7,0,0,0,0
"200503018010",6,6,0,0,0,0
"200503018011",2,2,0,0,0,0
"200503018012",1,1,0,0,0,0
"200503018013",1,1,0,0,0,0
"200503018016",81,5,0,0,0,0
"200503018017",110,5,0,0,0,0
"200503018050",1,1,0,0,0,0
"200503018061",7,7,0,0,0,0
"200503018063",2,2,0,0,0,0
"200503018064",2,2,0,0,0,0
"200503018077",7,7,0,0,0,0
"200503018078",7,5,0,0,0,0
"200503018079",12,5,0,0,0,0
"200503018084",20,5,0,0,0,0
"200503018085",3,3,0,0,0,0
"200503018090",4,4,0,0,0,0
"200503018091",100,5,0,0,0,0
"200503018094",6,6,0,0,0,0
"200503018097",6,6,0,0,0,0
"200503018102",16,5,0,0,0,0
"200503018122",12,5,0,0,0,0
"200503018127",38,5,0,0,0,0
"200503018128",2,2,0,0,0,0
"200503018129",57,5,0,0,0,0
"200503018130",36,5,0,0,0,0
"200503018131",26,5,0,0,0,0
"200503018132",11,5,0,0,0,0
"200503018134",49,5,0,0,0,0
"200503018152",6,5,0,0,0,0
"200503018153",6,6,0,0,0,0
"200503018154",2,2,0,0,0,0
"200503018155",12,5,0,0,0,0
"200603008002",4,4,0,0,0,0
"200603008005",1,1,0,0,0,0
"200603008006",1,1,0,0,0,0
"200603008008",6,6,0,0,0,0
"200603008014",11,5,0,0,0,0
"200603008015",30,5,0,0,0,0
"200603008016",76,5,0,0,0,0
"200603008022",65,5,0,0,0,0
"200603008029",29,5,0,0,0,0
"200603008030",86,5,0,0,0,0
"200603008031",10,5,0,0,0,0
"200603008039",51,5,0,0,0,0
"200603008062",59,5,0,0,0,0
"200603008063",69,5,0,0,0,0
"200603008070",32,5,0,0,0,0
"200603008071",58,5,0,0,0,0
"200603008080",1,1,0,0,0,0
"200603008086",1,1,0,0,0,0
"200603008087",47,5,0,0,0,0
"200603008088",61,5,0,0,0,0
"200603008093",1,1,0,0,0,0
"200603008094",21,5,0,0,0,0
"200603008097",29,5,0,0,0,0
"200603008098",30,5,0,0,0,0
"200603008099",46,4,0,0,0,0
"200603008100",30,5,0,0,0,0
"200603008101",88,5,0,0,0,0
"200603008102",59,5,0,0,0,0
"200603008122",55,5,0,0,0,0
"200603008123",37,0,0,0,0,0
"200603008124",2,2,0,0,0,0
"200603008125",40,5,0,0,0,0
"200603008126",19,5,0,0,0,0
"200603008130",9,5,0,0,0,0
"200603008131",47,5,0,0,0,0
"200603008158",51,5,0,0,0,0
"200603008161",21,5,0,0,0,0
"200603008162",12,5,0,0,0,0
"200603008163",1,1,0,0,0,0
"200603008167",6,6,0,0,0,0
"200603008168",3,3,0,0,0,0
"200603008169",9,5,0,0,0,0
"200603010001",55,5,0,0,0,0
"200603010004",3,3,0,0,0,0
"200603010008",5,5,0,0,0,0
"200603010009",5,5,0,0,0,0
"200603010010",20,5,0,0,0,0
"200603010015",47,5,0,0,0,0
"200603010016",17,5,0,0,0,0
"200603010017",11,5,0,0,0,0
"200603010027",57,5,0,0,0,0
"200603010034",11,5,0,0,0,0
"200603010045",12,5,0,0,0,0
"200603010046",76,0,0,0,0,0
"200603010047",11,5,0,0,0,0
"200603010062",39,9,0,0,0,0
"200603010073",4,4,0,0,0,0
"200603010083",14,5,0,0,0,0
"200603010084",67,4,0,0,0,0
"200603010085",56,5,0,0,0,0
"200603010092",28,5,0,0,0,0
"200603010108",69,5,0,0,0,0
"200603010109",2,0,0,0,0,0
"200603010124",4,4,0,0,0,0
"200603010125",55,5,0,0,0,0
"200603010126",68,4,0,0,0,0
"200603010127",69,5,0,0,0,0
"200603017005",3,3,0,0,0,0
"200603017006",38,5,0,0,0,0
"200603017011",41,5,0,0,0,0
"200603017012",10,5,0,0,0,0
"200603017013",66,5,0,0,0,0
"200603017014",10,5,0,0,0,0
"200603017023",44,5,0,0,0,0
"200603017060",93,5,0,0,0,0
"200603017067",28,5,0,0,0,0
"200603017071",65,6,0,0,0,0
"200603017072",6,6,0,0,0,0
"200603017079",15,5,0,0,0,0
"200603017080",5,5,0,0,0,0
"200603017081",79,5,0,0,0,0
"200603017082",1,1,0,0,0,0
"200603017084",68,5,0,0,0,0
"200603017085",69,5,0,0,0,0
"200603017090",2,2,0,0,0,0
"200603017091",22,5,0,0,0,0
"200603017096",96,5,0,0,0,0
"200603017097",52,5,0,0,0,0
"200603017107",9,5,0,0,0,0
"200603017114",13,5,0,0,0,0
"200603017119",9,5,0,0,0,0
"200603017127",7,5,0,0,0,0
"200603017130",76,5,0,0,0,0
"200603017131",36,5,0,0,0,0
"200603017132",7,5,0,0,0,0
"200603017138",6,5,0,0,0,0
"200603017147",7,5,0,0,0,0
"200603017148",55,5,0,0,0,0
"200603017161",3,3,0,0,0,0
"200603017165",15,5,0,0,0,0
"200603018001",5,5,0,0,0,0
"200603018005",65,5,0,0,0,0
"200603018011",20,6,0,0,0,0
"200603018012",57,5,0,0,0,0
"200603018013",39,5,0,0,0,0
"200603018014",32,5,0,0,0,0
"200603018030",14,5,0,0,0,0
"200603018031",45,5,0,0,0,0
"200603018059",12,5,0,0,0,0
"200603018063",59,5,0,0,0,0
"200603018064",67,5,0,0,0,0
"200603018066",18,5,0,0,0,0
"200603018080",44,0,0,0,0,0
"200603018086",11,5,0,0,0,0
"200603018087",16,5,0,0,0,0
"200603018088",2,2,0,0,0,0
"200603018089",49,5,0,0,0,0
"200603018090",8,5,0,0,0,0
"200603018091",51,5,0,0,0,0
"200603018092",62,4,0,0,0,0
"200603018095",83,5,0,0,0,0
"200603018096",13,5,0,0,0,0
"200603018097",1,1,0,0,0,0
"200603018121",56,5,0,0,0,0
"200603018122",51,5,0,0,0,0
"200603018124",21,5,0,0,0,0
"200603018133",28,5,0,0,0,0
"200603018134",60,5,0,0,0,0
"200603018135",35,5,0,0,0,0
"200603018136",54,5,0,0,0,0
"200603018137",63,5,0,0,0,0
"200603018157",12,5,0,0,0,0
"200603018159",6,6,0,0,0,0
"200703008001",21,5,0,0,0,0
"200703008016",28,5,0,0,0,0
"200703008033",1,1,0,0,0,0
"200703008034",4,4,0,0,0,0
"200703008038",22,4,0,0,0,0
"200703008044",34,5,0,0,0,0
"200703008045",11,5,0,0,0,0
"200703008052",3,3,0,0,0,0
"200703008054",15,5,0,0,0,0
"200703008055",33,5,0,0,0,0
"200703008056",16,5,0,0,0,0
"200703008057",3,3,0,0,0,0
"200703008058",34,5,0,0,0,0
"200703008079",15,5,0,0,0,0
"200703008083",12,5,0,0,0,0
"200703008087",53,5,0,0,0,0
"200703008088",31,5,0,0,0,0
"200703008089",4,4,0,0,0,0
"200703008090",39,5,0,0,0,0
"200703008091",37,5,0,0,0,0
"200703008092",47,5,0,0,0,0
"200703008093",26,4,0,0,0,0
"200703008100",18,5,0,0,0,0
"200703008101",28,5,0,0,0,0
"200703008112",24,5,0,0,0,0
"200703008115",2,2,0,0,0,0
"200703008116",30,5,0,0,0,0
"200703008117",27,4,0,0,0,0
"200703008123",5,5,0,0,0,0
"200703008138",27,5,0,0,0,0
"200703008139",23,5,0,0,0,0
"200703008140",20,5,0,0,0,0
"200703008141",32,5,0,0,0,0
"200703008142",7,5,0,0,0,0
"200703008143",23,5,0,0,0,0
"200703008144",22,5,0,0,0,0
"200703008145",21,5,0,0,0,0
"200703008146",23,5,0,0,0,0
"200703008147",22,5,0,0,0,0
"200703008148",13,5,0,0,0,0
"200703008184",2,2,0,0,0,0
"200703008187",1,1,0,0,0,0
"200703008189",2,2,0,0,0,0
"200703008191",12,5,0,0,0,0
"200703008192",5,5,0,0,0,0
"200703008194",20,5,0,0,0,0
"200703008197",9,5,0,0,0,0
"200703010003",43,5,0,0,0,0
"200703010011",49,5,0,0,0,0
"200703010029",53,5,0,0,0,0
"200703010030",34,5,0,0,0,0
"200703010031",49,5,0,0,0,0
"200703010037",11,5,0,0,0,0
"200703010067",24,5,0,0,0,0
"200703010068",1,1,0,0,0,0
"200703010078",42,5,0,0,0,0
"200703010079",4,4,0,0,0,0
"200703010089",1,1,0,0,0,0
"200703010101",43,5,0,0,0,0
"200703010102",46,5,0,0,0,0
"200703010109",6,5,0,0,0,0
"200703010110",4,4,0,0,0,0
"200703010114",1,1,0,0,0,0
"200703010116",28,5,0,0,0,0
"200703010126",28,5,0,0,0,0
"200703010128",31,5,0,0,0,0
"200703010131",12,5,0,0,0,0
"200703010135",11,5,0,0,0,0
"200703010137",1,1,0,0,0,0
"200703010147",2,2,0,0,0,0
"200703010148",6,3,0,0,0,0
"200703010181",30,5,0,0,0,0
"200703017005",8,5,0,0,0,0
"200703017006",6,6,0,0,0,0
"200703017007",36,5,0,0,0,0
"200703017008",67,5,0,0,0,0
"200703017010",9,5,0,0,0,0
"200703017011",28,5,0,0,0,0
"200703017012",7,5,0,0,0,0
"200703017016",26,5,0,0,0,0
"200703017017",17,5,0,0,0,0
"200703017018",34,5,0,0,0,0
"200703017019",39,5,0,0,0,0
"200703017020",24,5,0,0,0,0
"200703017026",6,5,0,0,0,0
"200703017033",2,1,0,0,0,0
"200703017074",62,5,0,0,0,0
"200703017075",28,5,0,0,0,0
"200703017079",19,5,0,0,0,0
"200703017080",8,5,0,0,0,0
"200703017091",24,5,0,0,0,0
"200703017097",47,5,0,0,0,0
"200703017099",19,5,0,0,0,0
"200703017100",52,5,0,0,0,0
"200703017103",6,5,0,0,0,0
"200703017104",17,5,0,0,0,0
"200703017105",38,5,0,0,0,0
"200703017107",1,1,0,0,0,0
"200703017108",67,5,0,0,0,0
"200703017118",36,5,0,0,0,0
"200703017119",19,5,0,0,0,0
"200703017126",1,1,0,0,0,0
"200703017138",25,5,0,0,0,0
"200703017139",26,5,0,0,0,0
"200703017140",31,5,0,0,0,0
"200703017145",23,5,0,0,0,0
"200703017146",34,5,0,0,0,0
"200703017168",18,5,0,0,0,0
"200703017169",5,5,0,0,0,0
"200703017170",2,2,0,0,0,0
"200703017174",10,5,0,0,0,0
"200703017180",2,2,0,0,0,0
"200703018002",79,5,0,0,0,0
"200703018006",12,5,0,0,0,0
"200703018007",30,5,0,0,0,0
"200703018008",48,5,0,0,0,0
"200703018009",15,5,0,0,0,0
"200703018010",24,5,0,0,0,0
"200703018011",31,5,0,0,0,0
"200703018012",20,5,0,0,0,0
"200703018014",32,5,0,0,0,0
"200703018024",25,5,0,0,0,0
"200703018025",18,5,0,0,0,0
"200703018036",5,5,0,0,0,0
"200703018064",30,4,0,0,0,0
"200703018071",18,4,0,0,0,0
"200703018072",1,1,0,0,0,0
"200703018073",2,2,0,0,0,0
"200703018082",26,5,0,0,0,0
"200703018083",20,5,0,0,0,0
"200703018084",20,5,0,0,0,0
"200703018088",1,1,0,0,0,0
"200703018092",32,5,0,0,0,0
"200703018093",30,5,0,0,0,0
"200703018095",30,5,0,0,0,0
"200703018100",34,5,0,0,0,0
"200703018127",35,5,0,0,0,0
"200703018131",13,5,0,0,0,0
"200703018136",30,5,0,0,0,0
"200703018141",26,5,0,0,0,0
"200703018142",15,5,0,0,0,0
"200703018143",29,5,0,0,0,0
"200703018146",15,5,0,0,0,0
"200703018158",1,1,0,0,0,0
"200703018159",14,4,0,0,0,0
"200803008001",24,5,0,0,0,0
"200803008002",4,4,0,0,0,0
"200803008013",11,5,0,0,0,0
"200803008014",14,5,0,0,0,0
"200803008027",31,5,0,0,0,0
"200803008028",4,4,0,0,0,0
"200803008031",45,5,0,0,0,0
"200803008038",35,5,0,0,0,0
"200803008039",30,5,0,0,0,0
"200803008041",10,5,0,0,0,0
"200803008042",30,5,0,0,0,0
"200803008061",37,5,0,0,0,0
"200803008062",54,5,0,0,0,0
"200803008066",13,5,0,0,0,0
"200803008069",28,5,0,0,0,0
"200803008079",30,5,0,0,0,0
"200803008080",5,5,0,0,0,0
"200803008084",2,2,0,0,0,0
"200803008088",26,5,0,0,0,0
"200803008089",30,5,0,0,0,0
"200803008090",23,5,0,0,0,0
"200803008091",3,3,0,0,0,0
"200803008097",4,4,0,0,0,0
"200803008106",2,2,0,0,0,0
"200803008119",32,5,0,0,0,0
"200803008128",29,5,0,0,0,0
"200803008129",8,5,0,0,0,0
"200803008136",31,5,0,0,0,0
"200803008145",30,0,0,0,0,0
"200803008146",24,5,0,0,0,0
"200803008173",6,5,0,0,0,0
"200803008174",11,5,0,0,0,0
"200803010006",9,5,0,0,0,0
"200803010007",10,5,0,0,0,0
"200803010009",25,4,0,0,0,0
"200803010012",24,11,0,0,0,0
"200803010013",23,5,0,0,0,0
"200803010032",10,5,0,0,0,0
"200803010054",2,2,0,0,0,0
"200803010055",37,5,0,0,0,0
"200803010056",4,4,0,0,0,0
"200803010057",35,5,0,0,0,0
"200803010058",26,5,0,0,0,0
"200803010059",7,6,0,0,0,0
"200803010074",11,5,0,0,0,0
"200803010078",29,5,0,0,0,0
"200803010092",34,5,0,0,0,0
"200803010093",4,4,0,0,0,0
"200803010096",34,5,0,0,0,0
"200803010097",25,5,0,0,0,0
"200803010098",18,5,0,0,0,0
"200803010099",16,5,0,0,0,0
"200803010100",9,5,0,0,0,0
"200803010101",1,1,0,0,0,0
"200803010104",4,4,0,0,0,0
"200803010105",2,2,0,0,0,0
"200803010110",16,5,0,0,0,0
"200803010124",8,5,0,0,0,0
"200803010127",24,5,0,0,0,0
"200803010129",32,5,0,0,0,0
"200803010130",24,5,0,0,0,0
"200803010131",15,5,0,0,0,0
"200803010132",4,4,0,0,0,0
"200803010138",2,2,0,0,0,0
"200803010173",3,3,0,0,0,0
"200803010180",7,3,0,0,0,0
"200803017001",3,3,0,0,0,0
"200803017005",32,5,0,0,0,0
"200803017006",29,5,0,0,0,0
"200803017007",19,5,0,0,0,0
"200803017008",2,2,0,0,0,0
"200803017010",30,5,0,0,0,0
"200803017011",30,5,0,0,0,0
"200803017012",32,5,0,0,0,0
"200803017013",18,5,0,0,0,0
"200803017055",11,5,0,0,0,0
"200803017056",30,5,0,0,0,0
"200803017060",4,4,0,0,0,0
"200803017062",33,5,0,0,0,0
"200803017073",25,5,0,0,0,0
"200803017074",29,5,0,0,0,0
"200803017075",2,2,0,0,0,0
"200803017078",17,5,0,0,0,0
"200803017082",23,5,0,0,0,0
"200803017086",14,6,0,0,0,0
"200803017091",17,5,0,0,0,0
"200803017094",45,5,0,0,0,0
"200803017118",3,3,0,0,0,0
"200803017121",36,5,0,0,0,0
"200803017122",30,5,0,0,0,0
"200803017127",11,5,0,0,0,0
"200803017161",4,4,0,0,0,0
"200803017162",11,5,0,0,0,0
"200803018004",30,5,0,0,0,0
"200803018008",29,5,0,0,0,0
"200803018009",32,5,0,0,0,0
"200803018012",4,4,0,0,0,0
"200803018014",45,5,0,0,0,0
"200803018051",1,1,0,0,0,0
"200803018054",24,5,0,0,0,0
"200803018055",28,5,0,0,0,0
"200803018056",32,5,0,0,0,0
"200803018057",30,5,0,0,0,0
"200803018065",43,5,0,0,0,0
"200803018072",43,5,0,0,0,0
"200803018088",1,1,0,0,0,0
"200803018089",1,1,0,0,0,0
"200803018090",1,1,0,0,0,0
"200803018091",34,5,0,0,0,0
"200803018092",13,5,0,0,0,0
"200803018093",30,5,0,0,0,0
"200803018098",40,4,0,0,0,0
"200803018099",30,5,0,0,0,0
"200803018100",30,5,0,0,0,0
"200803018102",34,5,0,0,0,0
"200803018105",9,5,0,0,0,0
"200803018106",41,5,0,0,0,0
"200803018107",11,5,0,0,0,0
"200803018108",35,5,0,0,0,0
"200803018109",53,5,0,0,0,0
"200803018136",31,5,0,0,0,0
"200803018137",31,5,0,0,0,0
"200803018138",33,5,0,0,0,0
"200803018139",12,5,0,0,0,0
"200803018167",8,5,0,0,0,0
"200803018168",19,5,0,0,0,0
"200803018169",12,5,0,0,0,0
"200803018172",2,2,0,0,0,0
"200803018176",1,1,0,0,0,0
"200903008009",31,5,0,0,0,0
"200903008010",13,5,0,0,0,0
"200903008014",4,4,0,0,0,0
"200903008015",25,5,0,0,0,0
"200903008016",1,1,0,0,0,0
"200903008035",34,5,0,0,0,0
"200903008045",11,5,0,0,0,0
"200903008052",7,5,0,0,0,0
"200903008062",30,5,0,0,0,0
"200903008074",25,5,0,0,0,0
"200903008075",14,5,0,0,0,0
"200903008086",30,5,0,0,0,0
"200903008087",32,5,0,0,0,0
"200903008088",11,5,0,0,0,0
"200903008089",35,0,0,0,0,0
"200903008091",6,5,0,0,0,0
"200903008092",40,5,0,0,0,0
"200903008093",48,5,0,0,0,0
"200903008094",35,5,0,0,0,0
"200903008096",1,1,0,0,0,0
"200903008099",31,5,0,0,0,0
"200903008113",28,5,0,0,0,0
"200903008115",1,1,0,0,0,0
"200903008124",20,5,0,0,0,0
"200903008125",25,5,0,0,0,0
"200903008128",17,5,0,0,0,0
"200903008131",41,5,0,0,0,0
"200903008139",4,4,0,0,0,0
"200903008172",8,5,0,0,0,0
"200903008174",2,2,0,0,0,0
"200903008175",22,5,0,0,0,0
"200903010001",1,1,0,0,0,0
"200903010009",77,5,0,0,0,0
"200903010010",29,5,0,0,0,0
"200903010026",1,1,0,0,0,0
"200903010028",7,5,0,0,0,0
"200903010029",15,5,0,0,0,0
"200903010049",1,1,0,0,0,0
"200903010052",5,5,0,0,0,0
"200903010070",6,5,0,0,0,0
"200903010071",13,5,0,0,0,0
"200903010072",7,5,0,0,0,0
"200903010073",7,5,0,0,0,0
"200903010076",4,4,0,0,0,0
"200903010079",14,5,0,0,0,0
"200903010082",24,5,0,0,0,0
"200903010091",13,5,0,0,0,0
"200903010092",28,5,0,0,0,0
"200903010093",18,5,0,0,0,0
"200903010100",1,1,0,0,0,0
"200903010101",29,5,0,0,0,0
"200903010120",1,1,0,0,0,0
"200903010126",1,1,0,0,0,0
"200903010130",26,5,0,0,0,0
"200903010131",34,5,0,0,0,0
"200903010132",34,5,0,0,0,0
"200903010133",11,5,0,0,0,0
"200903010140",31,5,0,0,0,0
"200903010142",1,1,0,0,0,0
"200903010143",10,5,0,0,0,0
"200903010162",4,4,0,0,0,0
"200903010163",2,2,0,0,0,0
"200903017004",33,5,0,0,0,0
"200903017005",30,5,0,0,0,0
"200903017006",15,5,0,0,0,0
"200903017019",25,5,0,0,0,0
"200903017020",37,5,0,0,0,0
"200903017021",19,5,0,0,0,0
"200903017038",6,5,0,0,0,0
"200903017039",13,5,0,0,0,0
"200903017040",52,5,0,0,0,0
"200903017048",34,4,0,0,0,0
"200903017055",10,5,0,0,0,0
"200903017056",25,5,0,0,0,0
"200903017074",1,1,0,0,0,0
"200903017075",8,5,0,0,0,0
"200903017076",3,3,0,0,0,0
"200903017077",30,5,0,0,0,0
"200903017085",5,5,0,0,0,0
"200903017086",3,3,0,0,0,0
"200903017087",1,1,0,0,0,0
"200903017089",1,1,0,0,0,0
"200903017095",8,5,0,0,0,0
"200903017097",14,5,0,0,0,0
"200903017099",2,2,0,0,0,0
"200903017101",25,5,0,0,0,0
"200903017102",19,5,0,0,0,0
"200903017104",16,5,0,0,0,0
"200903017105",15,4,0,0,0,0
"200903017125",39,5,0,0,0,0
"200903017126",35,5,0,0,0,0
"200903017127",1,1,0,0,0,0
"200903017140",20,5,0,0,0,0
"200903017143",4,4,0,0,0,0
"200903017155",8,5,0,0,0,0
"200903017156",29,5,0,0,0,0
"200903017157",2,2,0,0,0,0
"200903017159",12,5,0,0,0,0
"200903018010",44,5,0,0,0,0
"200903018011",38,5,0,0,0,0
"200903018013",4,4,0,0,0,0
"200903018014",34,5,0,0,0,0
"200903018021",1,1,0,0,0,0
"200903018031",7,5,0,0,0,0
"200903018047",22,5,0,0,0,0
"200903018048",4,4,0,0,0,0
"200903018054",30,5,0,0,0,0
"200903018055",31,5,0,0,0,0
"200903018056",59,5,0,0,0,0
"200903018057",35,5,0,0,0,0
"200903018058",4,4,0,0,0,0
"200903018064",2,2,0,0,0,0
"200903018066",2,2,0,0,0,0
"200903018074",27,5,0,0,0,0
"200903018075",6,6,0,0,0,0
"200903018084",30,5,0,0,0,0
"200903018085",30,5,0,0,0,0
"200903018089",31,5,0,0,0,0
"200903018090",30,5,0,0,0,0
"200903018091",28,5,0,0,0,0
"200903018096",28,5,0,0,0,0
"200903018111",29,5,0,0,0,0
"200903018121",2,2,0,0,0,0
"200903018124",17,5,0,0,0,0
"200903018125",11,5,0,0,0,0
"200903018132",38,5,0,0,0,0
"200903018133",35,5,0,0,0,0
"200903018136",23,4,0,0,0,0
"200903018142",27,5,0,0,0,0
"200903018157",13,5,0,0,0,0
"200903018160",5,5,0,0,0,0
"200903018161",1,1,0,0,0,0
"201003008001",30,5,0,0,0,0
"201003008002",29,5,0,0,0,0
"201003008003",7,7,0,0,0,0
"201003008030",23,5,0,0,0,0
"201003008032",4,4,0,0,0,0
"201003008033",30,5,0,0,0,0
"201003008035",32,5,0,0,0,1
"201003008060",29,5,0,0,0,0
"201003008061",31,5,0,0,0,0
"201003008066",5,5,0,0,0,0
"201003008067",2,2,0,0,0,0
"201003008071",10,5,0,0,0,0
"201003008073",4,4,0,0,0,0
"201003008076",23,5,0,0,0,0
"201003008089",37,6,0,0,0,0
"201003008096",5,5,0,0,0,0
"201003008097",39,5,0,0,0,0
"201003008098",26,5,0,0,0,0
"201003008099",33,5,0,0,0,0
"201003008100",30,5,0,0,0,0
"201003008101",14,5,0,0,0,0
"201003008105",13,5,0,0,0,0
"201003008129",30,5,0,0,0,0
"201003008130",30,5,0,0,0,0
"201003008132",30,5,0,0,0,0
"201003008134",28,5,0,0,0,0
"201003008135",30,5,0,0,0,0
"201003008136",13,5,0,0,0,0
"201003008137",8,5,0,0,0,0
"201003008167",5,5,0,0,0,0
"201003008169",3,3,0,0,0,0
"201003008173",15,5,0,0,0,0
"201003008174",6,6,0,0,0,0
"201003008175",10,5,0,0,0,0
"201003008176",8,8,0,0,0,0
"201003010001",30,5,0,0,0,0
"201003010006",33,5,0,0,0,0
"201003010007",9,9,0,0,0,0
"201003010009",63,5,0,0,0,0
"201003010013",33,5,0,0,0,0
"201003010014",18,9,0,0,0,0
"201003010016",53,5,0,0,0,0
"201003010040",18,6,0,0,0,0
"201003010058",26,5,0,0,0,0
"201003010060",4,4,0,0,0,0
"201003010073",2,2,0,0,0,0
"201003010074",10,5,0,0,0,0
"201003010075",10,5,0,0,0,0
"201003010077",20,4,0,0,0,0
"201003010078",1,1,0,0,0,0
"201003010082",31,5,0,0,0,0
"201003010086",34,5,0,0,0,0
"201003010087",7,7,0,0,0,0
"201003010093",34,5,0,0,0,0
"201003010094",1,1,0,0,0,0
"201003010095",19,5,0,0,0,0
"201003010102",1,1,0,0,0,0
"201003010107",25,5,0,0,0,0
"201003010130",30,5,0,0,0,0
"201003010131",1,1,0,0,0,0
"201003010133",19,5,0,0,0,0
"201003010134",39,5,0,0,0,0
"201003010137",1,1,0,0,0,0
"201003017001",7,7,0,0,0,0
"201003017005",3,3,0,0,0,0
"201003017009",18,5,0,0,0,0
"201003017010",43,5,0,0,0,0
"201003017011",26,5,0,0,0,0
"201003017012",33,5,0,0,0,0
"201003017016",1,1,0,0,0,0
"201003017038",10,5,0,0,0,0
"201003017058",5,5,0,0,0,0
"201003017059",30,5,0,0,0,0
"201003017065",14,5,0,0,0,0
"201003017073",32,5,0,0,0,0
"201003017080",12,5,0,0,0,0
"201003017081",1,1,0,0,0,0
"201003017082",16,5,0,0,0,0
"201003017083",36,5,0,0,0,0
"201003017084",4,4,0,0,0,0
"201003017085",11,5,0,0,0,0
"201003017086",31,5,0,0,0,0
"201003017087",36,5,0,0,0,0
"201003017099",10,5,0,0,0,0
"201003017134",30,5,0,0,0,0
"201003017135",30,5,0,0,0,0
"201003017136",4,4,0,0,0,0
"201003017137",1,1,0,0,0,0
"201003017138",33,5,0,0,0,0
"201003017139",20,5,0,0,0,0
"201003017140",5,5,0,0,0,0
"201003017141",31,5,0,0,0,0
"201003017142",30,5,0,0,0,0
"201003017162",5,5,0,0,0,0
"201003017167",17,5,0,0,0,0
"201003017169",5,5,0,0,0,0
"201003018001",46,5,0,0,0,0
"201003018002",44,5,0,0,0,0
"201003018005",29,5,0,0,0,0
"201003018009",7,7,0,0,0,0
"201003018011",4,4,0,0,0,0
"201003018013",7,5,0,0,0,0
"201003018014",4,4,0,0,0,0
"201003018077",8,5,0,0,0,0
"201003018079",31,5,0,0,0,0
"201003018080",29,5,0,0,0,0
"201003018087",23,5,0,0,0,0
"201003018088",45,5,0,0,0,0
"201003018089",34,5,0,0,0,0
"201003018090",21,5,0,0,0,0
"201003018091",31,5,0,0,0,0
"201003018092",60,5,0,0,0,0
"201003018107",32,5,0,0,0,0
"201003018109",30,5,0,0,0,0
"201003018128",20,5,0,0,0,0
"201003018132",54,5,0,0,0,0
"201003018133",6,6,0,0,0,0
"201003018134",13,5,0,0,0,0
"201003018136",10,5,0,0,0,0
"201003018137",24,5,0,0,0,0
"201003018138",26,5,0,0,0,0
"201003018145",32,5,0,0,0,0
"201003018146",1,1,0,0,0,0
"201003018151",35,5,0,0,0,0
"201003018168",15,5,0,0,0,0
"201003018170",25,5,0,0,0,0
"201003018171",3,3,0,0,0,0
"201003018173",4,4,0,0,0,0
"201003018186",3,3,0,0,0,0
"201103008001",4,4,0,0,0,0
"201103008002",20,5,0,0,0,0
"201103008004",20,5,0,0,0,0
"201103008005",21,5,0,0,0,0
"201103008006",20,5,0,0,0,0
"201103008007",2,2,0,0,0,0
"201103008008",9,5,0,0,0,0
"201103008011",20,5,0,0,0,0
"201103008012",20,5,0,0,0,0
"201103008020",12,5,0,0,0,0
"201103008021",13,5,0,0,0,0
"201103008031",21,5,0,0,0,0
"201103008053",13,5,0,0,0,0
"201103008054",2,2,0,0,0,0
"201103008055",1,1,0,0,0,0
"201103008073",1,1,0,0,0,0
"201103008075",25,5,0,0,0,0
"201103008076",6,6,0,0,0,0
"201103008077",3,3,0,0,0,0
"201103008085",20,5,0,0,0,0
"201103008086",20,5,0,0,0,0
"201103008087",20,5,0,0,0,0
"201103008093",21,5,0,0,0,0
"201103008099",20,5,0,0,0,0
"201103008100",20,4,0,0,0,0
"201103008101",20,4,0,0,0,0
"201103008102",20,5,0,0,0,0
"201103008104",13,4,0,0,0,0
"201103008108",18,5,0,0,0,0
"201103008124",20,5,0,0,0,0
"201103008126",21,5,0,0,0,0
"201103008158",4,4,0,0,0,0
"201103008160",2,2,0,0,0,0
"201103008162",12,5,0,0,0,0
"201103008164",7,5,0,0,0,0
"201103010001",29,5,0,0,0,0
"201103010016",20,5,0,0,0,0
"201103010020",2,2,0,0,0,0
"201103010021",20,5,0,0,0,0
"201103010022",30,5,0,0,0,0
"201103010035",1,1,0,0,0,0
"201103010047",25,7,0,0,0,0
"201103010048",17,5,0,0,0,0
"201103010049",1,1,0,0,0,0
"201103010070",20,5,0,0,0,0
"201103010071",20,5,0,0,0,0
"201103010072",15,5,0,0,0,0
"201103010085",20,5,0,0,0,0
"201103010086",20,5,0,0,0,0
"201103010087",1,1,0,0,0,0
"201103010099",1,1,0,0,0,0
"201103010102",21,5,0,0,0,0
"201103010103",20,5,0,0,0,0
"201103010104",28,5,0,0,0,0
"201103010106",7,5,0,0,0,0
"201103010109",1,1,0,0,0,0
"201103010110",1,1,0,0,0,0
"201103010111",4,4,0,0,0,0
"201103010112",1,1,0,0,0,0
"201103010114",23,5,0,0,0,0
"201103010127",3,3,0,0,0,0
"201103010129",12,5,0,0,0,0
"201103010143",11,2,0,0,0,0
"201103010144",19,5,0,0,0,0
"201103010145",20,5,0,0,0,0
"201103010146",20,5,0,0,0,0
"201103010147",1,1,0,0,0,0
"201103010148",4,4,0,0,0,0
"201103010149",10,5,0,0,0,0
"201103010150",23,6,0,0,0,0
"201103010151",20,3,0,0,0,0
"201103010156",1,0,0,0,0,0
"201103010164",8,0,0,0,0,0
"201103010165",1,0,0,0,0,0
"201103010166",24,0,0,0,0,0
"201103010171",8,0,0,0,0,0
"201103010172",6,0,0,0,0,0
"201103017001",13,5,0,0,0,0
"201103017002",27,5,0,0,0,0
"201103017005",5,5,0,0,0,0
"201103017009",25,5,0,0,0,0
"201103017013",9,5,0,0,0,0
"201103017015",22,5,0,0,0,0
"201103017016",27,5,0,0,0,0
"201103017017",2,2,0,0,0,0
"201103017031",1,1,0,0,0,0
"201103017033",8,5,0,0,0,0
"201103017034",15,5,0,0,0,0
"201103017035",1,1,0,0,0,0
"201103017041",20,5,0,0,0,0
"201103017042",7,7,0,0,0,0
"201103017053",15,5,0,0,0,0
"201103017061",7,5,0,0,0,0
"201103017065",20,5,0,0,0,0
"201103017072",16,5,0,0,0,0
"201103017073",23,5,0,0,0,0
"201103017074",3,3,0,0,0,0
"201103017084",1,1,0,0,0,0
"201103017088",1,1,0,0,0,0
"201103017089",7,5,0,0,0,0
"201103017090",20,5,0,0,0,0
"201103017121",16,5,0,0,0,0
"201103017126",23,5,0,0,0,0
"201103017127",19,5,0,0,0,0
"201103017128",6,6,0,0,0,0
"201103017129",4,4,0,0,0,0
"201103017137",14,5,0,0,0,0
"201103017138",21,5,0,0,0,0
"201103017139",35,5,0,0,0,0
"201103017140",25,5,0,0,0,0
"201103017141",20,5,0,0,0,0
"201103017142",11,5,0,0,0,0
"201103017165",21,5,0,0,0,0
"201103017166",7,5,0,0,0,0
"201103017167",7,5,0,0,0,0
"201103017168",20,5,0,0,0,0
"201103017171",11,5,0,0,0,0
"201103018001",20,5,0,0,0,0
"201103018006",16,5,0,0,0,0
"201103018012",21,5,0,0,0,0
"201103018013",23,5,0,0,0,0
"201103018014",14,5,0,0,0,0
"201103018018",25,5,0,0,0,0
"201103018035",1,1,0,0,0,0
"201103018036",1,1,0,0,0,0
"201103018041",20,5,0,0,0,0
"201103018042",1,1,0,0,0,0
"201103018048",1,1,0,0,0,0
"201103018049",4,4,0,0,0,0
"201103018064",21,5,0,0,0,0
"201103018079",6,5,0,0,0,0
"201103018080",1,1,0,0,0,0
"201103018085",1,1,0,0,0,0
"201103018092",13,5,0,0,0,0
"201103018093",24,5,0,0,0,0
"201103018098",27,0,0,0,0,0
"201103018099",20,5,0,0,0,0
"201103018101",22,5,0,0,0,0
"201103018102",17,2,0,0,0,0
"201103018103",17,5,0,0,0,0
"201103018134",4,4,0,0,0,0
"201103018135",1,1,0,0,0,0
"201103018146",22,5,0,0,0,0
"201203008017",20,5,0,0,0,0
"201203008018",11,5,0,0,0,0
"201203008019",3,3,0,0,0,0
"201203008022",15,5,0,0,0,0
"201203008027",16,5,0,0,0,0
"201203008028",20,5,0,0,0,0
"201203008029",20,5,0,0,0,0
"201203008046",20,5,0,0,0,0
"201203008047",21,5,0,0,0,0
"201203008048",25,5,0,0,0,0
"201203008050",3,3,0,0,0,0
"201203008051",1,1,0,0,0,0
"201203008052",1,1,0,0,0,0
"201203008054",4,4,0,0,0,0
"201203008064",1,1,0,0,0,0
"201203008075",15,0,0,0,0,0
"201203008077",24,5,0,0,0,0
"201203008085",4,4,0,0,0,0
"201203008086",35,5,0,0,0,0
"201203008087",10,5,0,0,0,0
"201203008088",51,5,0,0,0,0
"201203008089",20,5,0,0,0,0
"201203008090",21,5,0,0,0,0
"201203008091",19,5,0,0,0,0
"201203008097",18,5,0,0,0,0
"201203008104",5,5,0,0,0,0
"201203008105",21,5,0,0,0,0
"201203008134",29,5,0,0,0,0
"201203008135",20,5,0,0,0,0
"201203008139",8,5,0,0,0,0
"201203008150",10,5,0,0,0,0
"201203008188",26,5,0,0,0,0
"201203010002",2,2,0,0,0,0
"201203010004",15,5,0,0,0,0
"201203010006",3,3,0,0,0,0
"201203010007",19,5,0,0,0,0
"201203010014",48,5,0,0,0,0
"201203010015",30,5,0,0,0,0
"201203010022",3,3,0,0,0,0
"201203010023",19,5,0,0,0,0
"201203010024",10,5,0,0,0,0
"201203010025",17,5,0,0,0,0
"201203010026",31,5,0,0,0,0
"201203010027",13,5,0,0,0,0
"201203010028",34,5,0,0,0,0
"201203010080",21,4,0,0,0,0
"201203010081",19,5,0,0,0,0
"201203010082",13,5,0,0,0,0
"201203010083",10,5,0,0,0,0
"201203010085",3,3,0,0,0,0
"201203010086",19,5,0,0,0,0
"201203010095",9,5,0,0,0,0
"201203010096",20,5,0,0,0,0
"201203010097",20,5,0,0,0,0
"201203010098",20,5,0,0,0,0
"201203010101",19,5,0,0,0,0
"201203010103",9,5,0,0,0,0
"201203010128",12,5,0,0,0,0
"201203010131",4,4,0,0,0,0
"201203010132",8,5,0,0,0,0
"201203010133",3,3,0,0,0,0
"201203010139",20,5,0,0,0,0
"201203010140",1,1,0,0,0,0
"201203010153",5,5,0,0,0,0
"201203010171",2,2,0,0,0,0
"201203017003",21,5,0,0,0,0
"201203017005",18,5,0,0,0,0
"201203017006",29,5,0,0,0,0
"201203017007",30,5,0,0,0,0
"201203017008",22,5,0,0,0,0
"201203017009",13,2,0,0,0,0
"201203017010",22,5,0,0,0,0
"201203017012",20,5,0,0,0,0
"201203017014",21,5,0,0,0,0
"201203017015",24,5,0,0,0,0
"201203017028",4,4,0,0,0,0
"201203017029",6,5,0,0,0,0
"201203017039",22,5,0,0,0,0
"201203017043",5,5,0,0,0,0
"201203017044",1,1,0,0,0,0
"201203017049",25,5,0,0,0,0
"201203017050",21,5,0,0,0,0
"201203017070",5,5,0,0,0,0
"201203017071",28,5,0,0,0,0
"201203017072",21,5,0,0,0,0
"201203017087",19,5,0,0,0,0
"201203017088",20,5,0,0,0,0
"201203017097",47,5,0,0,0,0
"201203017098",21,5,0,0,0,0
"201203017109",21,5,0,0,0,0
"201203017141",20,5,0,0,0,0
"201203017142",21,5,0,0,0,0
"201203017150",19,6,0,0,0,0
"201203017151",24,5,0,0,0,0
"201203017152",20,5,0,0,0,0
"201203017175",20,4,0,0,0,0
"201203017176",20,4,0,0,0,0
"201203017200",21,5,0,0,0,0
"201203017205",16,5,0,0,0,0
"201203017206",22,5,0,0,0,0
"201203017209",20,5,0,0,0,0
"201203017210",20,5,0,0,0,0
"201203017211",14,5,0,0,0,0
"201203017223",2,2,0,0,0,0
"201203017224",5,5,0,0,0,0
"201203017226",18,5,0,0,0,0
"201203017255",1,1,0,0,0,0
"201203017261",21,5,0,0,0,0
"201203017266",4,4,0,0,0,0
"201203017270",21,5,0,0,0,0
"201203017271",25,5,0,0,0,0
"201203017272",5,5,0,0,0,0
"201203017279",16,5,0,0,0,0
"201203017280",28,5,0,0,0,0
"201203017281",23,5,0,0,0,0
"201203017288",2,2,0,0,0,0
"201203017289",25,5,0,0,0,0
"201203017290",26,5,0,0,0,0
"201203017292",4,4,0,0,0,0
"201203017293",23,5,0,0,0,0
"201203017296",2,2,0,0,0,0
"201203017300",11,5,0,0,0,0
"201203017303",21,5,0,0,0,0
"201203017326",15,5,0,0,0,0
"201203017329",19,5,0,0,0,0
"201203017330",16,5,0,0,0,0
"201203017332",1,1,0,0,0,0
"201203017333",20,5,0,0,0,0
"201203017334",2,2,0,0,0,0
"201203017342",3,3,0,0,0,0
"201203017368",18,5,0,0,0,0
"201203017369",11,5,0,0,0,0
"201203017370",7,5,0,0,0,0
"201303008004",3,3,0,0,0,0
"201303008005",20,5,0,0,0,0
"201303008010",4,4,0,0,0,0
"201303008011",4,4,0,0,0,0
"201303008012",2,2,0,0,0,0
"201303008013",2,2,0,0,0,0
"201303008015",24,5,0,0,0,0
"201303008016",18,5,0,0,0,0
"201303008049",21,5,0,0,0,0
"201303008061",6,6,0,0,0,0
"201303008065",20,5,0,0,0,0
"201303008066",20,5,0,0,0,0
"201303008067",1,1,0,0,0,0
"201303008071",19,5,0,0,0,0
"201303008072",3,3,0,0,0,0
"201303008073",3,3,0,0,0,0
"201303008074",26,5,0,0,0,0
"201303008079",25,5,0,0,0,0
"201303008084",15,5,0,0,0,0
"201303008085",4,4,0,0,0,0
"201303008087",1,1,0,0,0,0
"201303008088",1,1,0,0,0,0
"201303008095",1,1,0,0,0,0
"201303017001",23,5,0,0,0,0
"201303017002",1,1,0,0,0,0
"201303017005",6,6,0,0,0,0
"201303017006",7,2,0,0,0,0
"201303017007",3,3,0,0,0,0
"201303017008",34,5,0,0,0,0
"201303017009",7,5,0,0,0,0
"201303017010",12,5,0,0,0,0
"201303017011",20,5,0,0,0,0
"201303017027",21,5,0,0,0,0
"201303017053",22,5,0,0,0,0
"201303017055",21,5,0,0,0,0
"201303017064",6,6,0,0,0,0
"201303017065",21,5,0,0,0,0
"201303017083",21,5,0,0,0,0
"201303017084",20,5,0,0,0,0
"201303017085",20,5,0,0,0,0
"201303017093",26,5,0,0,0,0
"201303017094",31,5,0,0,0,0
"201303017095",30,5,0,0,0,0
"201303017096",15,5,0,0,0,0
"201303017099",6,6,0,0,0,0
"201303017100",12,5,0,0,0,0
"201303017104",26,5,0,0,0,0
"201303017106",20,5,0,0,0,0
"201303017107",1,1,0,0,0,0
"201303017110",20,5,0,0,0,0
"201303017113",22,5,0,0,0,0
"201303017130",20,5,0,0,0,0
"201303017138",20,5,0,0,0,0
"201303017144",24,4,0,0,0,0
"201303017161",21,5,0,0,0,0
"201303017162",22,5,0,0,0,0
"201303017163",3,3,0,0,0,0
"201303020008",20,5,0,0,0,0
"201303020009",20,5,0,0,0,0
"201303020010",19,5,0,0,0,0
"201303020011",16,5,0,0,0,0
"201303020012",26,5,0,0,0,0
"201303020018",10,5,0,0,0,0
"201303020029",5,5,0,0,0,0
"201303020067",1,1,0,0,0,0
"201303020068",4,4,0,0,0,0
"201303020069",19,5,0,0,0,0
"201303020070",10,5,0,0,0,0
"201303020071",1,1,0,0,0,0
"201303020075",23,5,0,0,0,0
"201303020085",19,5,0,0,0,0
"201303020087",19,5,0,0,0,0
"201303020088",20,5,0,0,0,0
"201303020092",2,2,0,0,0,0
"201303020093",20,5,0,0,0,0
"201303020094",9,5,0,0,0,0
"201303020095",27,5,0,0,0,0
"201303020096",21,5,0,0,0,0
"201303020097",16,5,0,0,0,0
"201303020099",15,4,0,0,0,0
"201303020102",2,2,0,0,0,0
"201303020106",20,5,0,0,0,0
"201303020107",6,6,0,0,0,0
"201303020108",15,5,0,0,0,0
"201303020109",23,4,0,0,0,0
"201303020129",21,5,0,0,0,0
"201303020135",20,5,0,0,0,0
"201303020138",16,5,0,0,0,0
"201303020139",23,5,0,0,0,0
"201303020142",6,6,0,0,0,0
"201303020143",7,7,0,0,0,0
"201303020144",20,5,0,0,0,0
"201303020145",24,5,0,0,0,0
"201303020146",22,5,0,0,0,0
"201303020147",2,2,0,0,0,0
"201303020151",8,5,0,0,0,0
"201303020176",6,6,0,0,0,0
"201303020178",7,4,0,0,0,0
"201403008001",24,5,0,0,0,0
"201403008002",7,7,0,0,0,0
"201403008003",20,5,0,0,0,0
"201403008004",2,2,0,0,0,0
"201403008015",21,4,0,0,0,0
"201403008016",43,5,0,0,0,0
"201403008017",20,5,0,0,0,0
"201403008024",16,4,0,0,0,0
"201403008025",18,5,0,0,0,0
"201403008026",7,7,0,0,0,0
"201403008027",21,5,0,0,0,0
"201403008040",2,2,0,0,0,0
"201403008061",20,5,0,0,0,0
"201403008066",7,5,0,0,0,0
"201403008073",1,1,0,0,0,0
"201403008075",20,5,0,0,0,0
"201403008076",20,5,0,0,0,0
"201403008087",1,1,0,0,0,0
"201403008090",1,1,0,0,0,0
"201403008099",20,5,0,0,0,0
"201403008100",20,5,0,0,0,0
"201403008101",17,5,0,0,0,0
"201403008102",3,3,0,0,0,0
"201403008107",1,1,0,0,0,0
"201403008112",22,5,0,0,0,0
"201403008129",20,5,0,0,0,0
"201403008130",20,5,0,0,0,0
"201403008131",19,5,0,0,0,0
"201403008132",26,5,0,0,0,0
"201403008134",19,5,0,0,0,0
"201403008135",24,5,0,0,0,0
"201403008136",26,5,0,0,0,0
"201403008139",23,5,0,0,0,0
"201403008140",4,4,0,0,0,0
"201403008156",6,6,0,0,0,0
"201403008157",17,5,0,0,0,0
"201403008158",2,2,0,0,0,0
"201403008159",4,4,0,0,0,0
"201403008160",28,5,0,0,0,0
"201403010003",12,5,0,0,0,0
"201403010026",5,5,0,0,0,0
"201403010029",25,5,0,0,0,0
"201403010030",20,5,0,0,0,0
"201403010034",9,5,0,0,0,0
"201403010035",11,5,0,0,0,0
"201403010053",5,5,0,0,0,0
"201403010054",12,4,0,0,0,0
"201403010057",23,5,0,0,0,0
"201403010058",6,6,0,0,0,0
"201403010059",20,5,0,0,0,0
"201403010069",21,5,0,0,0,0
"201403010072",21,5,0,0,0,0
"201403010076",8,5,0,0,0,0
"201403010077",7,5,0,0,0,0
"201403010079",23,5,0,0,0,0
"201403010089",20,5,0,0,0,0
"201403010098",3,3,0,0,0,0
"201403010110",19,5,0,0,0,0
"201403010111",23,5,0,0,0,0
"201403010112",21,5,0,0,0,0
"201403010116",4,4,0,0,0,0
"201403017011",7,7,0,0,0,0
"201403017012",41,5,0,0,34,0
"201403017013",12,5,0,0,7,0
"201403017014",29,5,0,0,18,0
"201403017015",6,6,0,0,0,0
"201403017049",2,2,0,0,0,0
"201403017058",74,5,0,0,69,0
"201403017059",33,5,0,0,27,0
"201403017060",20,5,0,0,0,0
"201403017069",22,5,0,0,0,0
"201403017070",15,5,0,0,0,0
"201403017075",8,5,0,0,0,0
"201403017076",20,5,0,0,0,0
"201403017077",16,5,0,0,0,0
"201403017078",20,5,0,0,0,0
"201403017087",6,0,0,0,0,0
"201403017088",1,1,0,0,0,0
"201403017091",1,1,0,0,0,0
"201403017092",31,5,0,0,0,0
"201403017095",89,5,0,0,84,0
"201403017096",105,5,0,0,96,0
"201403017097",17,5,0,0,0,0
"201403017101",31,5,0,0,0,0
"201403017102",1,1,0,0,0,0
"201403017103",22,5,0,0,0,0
"201403017104",2,2,0,0,0,0
"201403017129",24,5,0,0,0,0
"201403017140",22,5,0,0,0,0
"201403017142",8,4,0,0,0,0
"201403017143",20,5,0,0,0,0
"201403017152",20,5,0,0,0,0
"201403020001",20,5,0,0,0,0
"201403020002",25,5,0,0,0,0
"201403020004",27,5,0,0,0,0
"201403020006",11,5,0,0,0,0
"201403020007",26,5,0,0,0,0
"201403020008",35,5,0,0,0,0
"201403020009",5,5,0,0,0,0
"201403020010",25,5,0,0,0,0
"201403020011",18,5,0,0,0,0
"201403020018",14,5,0,0,0,0
"201403020042",15,5,0,0,0,0
"201403020043",1,1,0,0,0,0
"201403020077",6,6,0,0,0,0
"201403020078",18,5,0,0,0,0
"201403020081",20,5,0,0,0,0
"201403020082",20,5,0,0,0,0
"201403020083",30,5,0,0,0,0
"201403020084",5,5,0,0,0,0
"201403020092",16,4,0,0,0,0
"201403020096",21,5,0,0,0,0
"201403020097",19,5,0,0,0,0
"201403020098",7,4,0,0,0,0
"201403020100",20,5,0,0,0,0
"201403020134",21,4,0,0,0,0
"201403020136",21,5,0,0,0,0
"201403020137",20,4,0,0,0,0
"201403020147",8,5,0,0,0,0
"201403020150",6,5,0,0,0,0
"201403020179",10,5,0,0,5,0
"201403020180",7,5,0,0,2,0
"201403020190",3,3,0,0,0,0
"201503008002",1,0,0,0,0,0
"201503008003",22,0,0,0,0,0
"201503008006",4,0,0,0,0,0
"201503008007",11,0,0,0,0,0
"201503008008",19,0,0,0,0,0
"201503008010",2,0,0,0,0,0
"201503008017",21,0,0,0,0,0
"201503008031",21,0,0,0,0,0
"201503008064",1,0,0,0,0,0
"201503008079",19,0,0,0,0,0
"201503008080",20,0,0,0,0,0
"201503008088",8,0,0,0,0,0
"201503008089",23,0,0,0,0,0
"201503008090",22,0,0,0,0,0
"201503008095",21,0,0,0,0,0
"201503008096",9,0,0,0,0,0
"201503008104",1,0,0,0,0,0
"201503008108",6,0,0,0,0,0
"201503008109",1,0,0,0,0,0
"201503008132",21,0,0,0,0,0
"201503008133",21,0,0,0,0,0
"201503008137",20,0,0,0,0,0
"201503008172",5,0,0,0,0,0
"201503008173",1,0,0,0,0,0
"201503008174",22,0,0,0,0,0
"201503008175",22,0,0,0,0,0
"201503008176",21,0,0,0,0,0
"201503010002",30,0,0,0,0,0
"201503010003",7,0,0,0,0,0
"201503010015",22,0,0,0,0,0
"201503010016",12,0,0,0,0,0
"201503010039",20,0,0,0,0,0
"201503010040",5,0,0,0,0,0
"201503010041",24,0,0,0,0,0
"201503010050",20,0,0,0,0,0
"201503010051",20,0,0,0,0,0
"201503010059",2,0,0,0,0,0
"201503010069",20,0,0,0,0,0
"201503010070",23,0,0,0,0,0
"201503010074",12,0,0,0,0,0
"201503010075",2,0,0,0,0,0
"201503010078",18,0,0,0,0,0
"201503010079",21,0,0,0,0,0
"201503010085",28,0,0,0,0,0
"201503010086",20,0,0,0,0,0
"201503010087",21,0,0,0,0,0
"201503010088",22,0,0,0,0,0
"201503010110",2,0,0,0,0,0
"201503010114",20,0,0,0,0,0
"201503010115",7,0,0,0,0,0
"201503010122",17,0,0,0,0,0
"201503010123",9,0,0,0,0,0
"201503010136",16,0,0,0,0,0
"201503010149",20,0,0,0,0,0
"201503010150",11,0,0,0,0,0
"201503010153",3,0,0,0,0,0
"201503017001",23,0,0,0,0,0
"201503017011",18,0,0,0,0,0
"201503017021",16,0,0,0,0,0
"201503017022",25,0,0,0,0,0
"201503017043",3,0,0,0,0,0
"201503017064",32,0,0,0,0,0
"201503017068",38,0,0,0,0,0
"201503017071",31,0,0,0,0,0
"201503017072",1,0,0,0,0,0
"201503017077",28,0,0,0,0,0
"201503017086",1,0,0,0,0,0
"201503017088",20,0,0,0,0,0
"201503017089",21,0,0,0,0,0
"201503017090",23,0,0,0,0,0
"201503017091",2,0,0,0,0,0
"201503017092",22,0,0,0,0,0
"201503017096",26,0,0,0,0,0
"201503017097",37,0,0,0,0,0
"201503017102",20,0,0,0,0,0
"201503017122",19,0,0,0,0,0
"201503017126",26,0,0,0,0,0
"201503017127",3,0,0,0,0,0
"201503017128",1,0,0,0,0,0
"201503017129",7,0,0,0,0,0
"201503017143",6,0,0,0,0,0
"201503017164",22,0,0,0,0,0
"201503017166",11,0,0,0,0,0
"201503017167",18,0,0,0,0,0
"201503017168",4,0,0,0,0,0
"201503020001",21,0,0,0,0,0
"201503020002",6,0,0,0,0,0
"201503020003",7,0,0,0,0,0
"201503020006",20,0,0,0,0,0
"201503020009",24,0,0,0,0,0
"201503020056",1,0,0,0,0,0
"201503020058",22,0,0,0,0,0
"201503020070",2,0,0,0,0,0
"201503020071",20,0,0,0,0,0
"201503020072",4,0,0,0,0,0
"201503020079",12,0,0,0,0,0
"201503020081",21,0,0,0,0,0
"201503020087",20,0,0,0,0,0
"201503020090",5,0,0,0,0,0
"201503020091",24,0,0,0,0,0
"201503020092",20,0,0,0,0,0
"201503020094",19,0,0,0,0,0
"201503020096",3,0,0,0,0,0
"201503020097",21,0,0,0,0,0
"201503020103",20,0,0,0,0,0
"201503020106",1,0,0,0,0,0
"201503020107",20,0,0,0,0,0
"201503020108",3,0,0,0,0,0
"201503020109",13,0,0,0,0,0
"201503020110",20,0,0,0,0,0
"201503020112",20,0,0,0,0,0
"201503020113",21,0,0,0,0,0
"201503020121",21,0,0,0,0,0
"201503020137",22,0,0,0,0,0
"201503020138",27,0,0,0,0,0
"201503020140",15,0,0,0,0,0
"201503020160",26,0,0,0,0,0
"201603008001",22,0,0,0,0,0
"201603008002",16,0,0,0,0,0
"201603008013",20,0,0,0,0,0
"201603008014",23,0,0,0,0,0
"201603008015",19,0,0,0,0,0
"201603008016",20,0,0,0,0,0
"201603008017",1,0,0,0,0,0
"201603008036",4,0,0,0,0,0
"201603008056",20,0,0,0,0,0
"201603008057",2,0,0,0,0,0
"201603008058",20,0,0,0,0,0
"201603008059",20,0,0,0,0,0
"201603008060",21,0,0,0,0,0
"201603008078",21,0,0,0,0,0
"201603008079",23,0,0,0,0,0
"201603008089",2,0,0,0,0,0
"201603008095",19,0,0,0,0,0
"201603008096",1,0,0,0,0,0
"201603008101",23,0,0,0,0,0
"201603008102",23,0,0,0,0,0
"201603008103",5,0,0,0,0,0
"201603008104",27,0,0,0,0,0
"201603008112",21,0,0,0,0,0
"201603008114",20,0,0,0,0,0
"201603008115",34,0,0,0,0,0
"201603008116",20,0,0,0,0,0
"201603008117",10,0,0,0,0,0
"201603008118",20,0,0,0,0,0
"201603008147",22,0,0,0,0,0
"201603008150",6,0,0,0,0,0
"201603008151",20,0,0,0,0,0
"201603008181",1,0,0,0,0,0
"201603008194",1,0,0,0,0,0
"201603010001",5,0,0,0,0,0
"201603010016",19,0,0,0,0,0
"201603010017",23,0,0,0,0,0
"201603010051",25,0,0,0,0,0
"201603010054",1,0,0,0,0,0
"201603010057",18,0,0,0,0,0
"201603010063",23,0,0,0,0,0
"201603010067",20,0,0,0,0,0
"201603010068",16,0,0,0,0,0
"201603010070",28,0,0,0,0,0
"201603010071",2,0,0,0,0,0
"201603010072",31,0,0,0,0,0
"201603010073",24,0,0,0,0,0
"201603010077",2,0,0,0,0,0
"201603010080",22,0,0,0,0,0
"201603010086",20,0,0,0,0,0
"201603010088",7,0,0,0,0,0
"201603010089",22,0,0,0,0,0
"201603010102",1,0,0,0,0,0
"201603010126",1,0,0,0,0,0
"201603010149",10,0,0,0,0,0
"201603017001",20,0,0,0,0,0
"201603017002",24,0,0,0,0,0
"201603017003",20,0,0,0,0,0
"201603017004",22,0,0,0,0,0
"201603017005",34,0,0,0,0,0
"201603017019",23,0,0,0,0,0
"201603017021",20,0,0,0,0,0
"201603017024",21,0,0,0,0,0
"201603017025",34,0,0,0,0,0
"201603017045",1,0,0,0,0,0
"201603017059",6,0,0,0,0,0
"201603017077",6,0,0,0,0,0
"201603017078",1,0,0,0,0,0
"201603017079",5,0,0,0,0,0
"201603017080",2,0,0,0,0,0
"201603017083",20,0,0,0,0,0
"201603017084",10,0,0,0,0,0
"201603017088",20,0,0,0,0,0
"201603017094",18,0,0,0,0,0
"201603017095",2,0,0,0,0,0
"201603017096",20,0,0,0,0,0
"201603017102",4,0,0,0,0,0
"201603017109",25,0,0,0,0,0
"201603017128",21,0,0,0,0,0
"201603017129",20,0,0,0,0,0
"201603017130",6,0,0,0,0,0
"201603017142",5,0,0,0,0,0
"201603017163",10,0,0,0,0,0
"201603017164",6,0,0,0,0,0
"201603017166",2,0,0,0,0,0
"201603020005",1,0,0,0,0,0
"201603020014",25,0,0,0,0,0
"201603020015",19,0,0,0,0,0
"201603020018",25,0,0,0,0,0
"201603020025",15,0,0,0,0,0
"201603020026",25,0,0,0,0,0
"201603020046",8,0,0,0,0,0
"201603020047",11,0,0,0,0,0
"201603020048",4,0,0,0,0,0
"201603020055",1,0,0,0,0,0
"201603020067",4,0,0,0,0,0
"201603020069",9,0,0,0,0,0
"201603020070",20,0,0,0,0,0
"201603020074",6,0,0,0,0,0
"201603020084",20,0,0,0,0,0
"201603020093",27,0,0,0,0,0
"201603020094",20,0,0,0,0,0
"201603020095",16,0,0,0,0,0
"201603020099",2,0,0,0,0,0
"201603020102",21,0,0,0,0,0
"201603020105",20,0,0,0,0,0
"201603020106",20,0,0,0,0,0
"201603020107",11,0,0,0,0,0
"201603020108",5,0,0,0,0,0
"201603020115",19,0,0,0,0,0
"201603020129",25,0,0,0,0,0
"201603020130",19,0,0,0,0,0
"201603020132",4,0,0,0,0,0
"201603020133",20,0,0,0,0,0
"201603020134",34,0,0,0,0,0
"201603020174",20,0,0,0,0,0
"201603020175",20,0,0,0,0,0
"201603020176",18,0,0,0,0,0
"201603020177",16,0,0,0,0,0
"201603020178",19,0,0,0,0,0
"201603020183",2,0,0,0,0,0
"201603020187",1,0,0,0,0,0
"201703008008",26,2,0,0,0,0
"201703008009",20,2,0,0,0,0
"201703008021",21,2,0,0,0,0
"201703008022",21,2,0,0,0,0
"201703008023",34,2,0,0,0,0
"201703008025",8,2,0,0,0,0
"201703008043",12,2,0,0,0,0
"201703008044",15,2,0,0,0,0
"201703008045",1,1,0,0,0,0
"201703008050",21,2,0,0,0,0
"201703008061",13,2,0,0,0,0
"201703008070",18,2,0,0,0,0
"201703008078",9,2,0,0,0,0
"201703008080",8,1,0,0,0,0
"201703008081",14,2,0,0,0,0
"201703008083",13,0,0,0,0,0
"201703008089",20,2,0,0,0,0
"201703008094",10,2,0,0,0,0
"201703008098",3,2,0,0,0,0
"201703008099",9,2,0,0,0,0
"201703008100",6,2,0,0,0,0
"201703008125",12,2,0,0,0,0
"201703008127",12,2,0,0,0,0
"201703008128",16,2,0,0,0,0
"201703008129",10,2,0,0,0,0
"201703008130",4,2,0,0,0,0
"201703008168",10,2,0,0,0,0
"201703008169",3,2,0,0,0,0
"201703010002",21,2,0,0,0,0
"201703010003",4,2,0,0,0,0
"201703010012",3,3,0,0,0,0
"201703010014",10,2,0,0,0,0
"201703010015",3,3,0,0,0,0
"201703010017",26,2,0,0,0,0
"201703010018",3,3,0,0,0,0
"201703010019",21,2,0,0,0,0
"201703010052",15,2,0,0,0,0
"201703010053",15,2,0,0,0,0
"201703010057",14,2,0,0,0,0
"201703010058",21,2,0,0,0,0
"201703010077",20,2,0,0,0,0
"201703010078",20,2,0,0,0,0
"201703010086",23,2,0,0,0,0
"201703010091",20,2,0,0,0,0
"201703010092",23,2,0,0,0,0
"201703010093",20,2,0,0,0,0
"201703010094",7,2,0,0,0,0
"201703010098",10,2,0,0,0,0
"201703010099",20,2,0,0,0,0
"201703010100",20,2,0,0,0,0
"201703010102",22,2,0,0,0,0
"201703010105",20,2,0,0,0,0
"201703010106",22,2,0,0,0,0
"201703010125",1,1,0,0,0,0
"201703010128",18,0,0,0,0,0
"201703010130",19,2,0,0,0,0
"201703010131",16,1,0,0,0,0
"201703010174",11,2,0,0,0,0
"201703010175",23,2,0,0,0,0
"201703017001",18,2,0,0,0,0
"201703017015",24,2,0,0,0,0
"201703017018",10,2,0,0,0,0
"201703017022",13,2,0,0,0,0
"201703017024",25,2,0,0,0,0
"201703017025",12,2,0,0,0,0
"201703017027",14,2,0,0,0,0
"201703017062",16,2,0,0,0,0
"201703017069",13,2,0,0,0,0
"201703017075",1,1,0,0,0,0
"201703017080",17,2,0,0,0,0
"201703017092",10,2,0,0,0,0
"201703017093",9,2,0,0,0,0
"201703017094",3,3,0,0,0,0
"201703017095",12,2,0,0,0,0
"201703017096",1,1,0,0,0,0
"201703017100",4,2,0,0,0,0
"201703017104",19,2,0,0,0,0
"201703017110",10,2,0,0,0,0
"201703017111",12,2,0,0,0,0
"201703017112",11,2,0,0,0,0
"201703017113",13,2,0,0,0,0
"201703017114",2,2,0,0,0,0
"201703017117",14,2,0,0,0,0
"201703017120",11,2,0,0,0,0
"201703017122",14,2,0,0,0,0
"201703017135",17,2,0,0,0,0
"201703017144",20,2,0,0,0,0
"201703017145",18,2,0,0,0,0
"201703017161",1,1,0,0,0,0
"201703017166",3,3,0,0,0,0
"201703017167",2,2,0,0,0,0
"201703017168",2,2,0,0,0,0
"201703020001",11,2,0,0,0,0
"201703020005",3,3,0,0,0,0
"201703020006",3,2,0,0,0,0
"201703020007",19,2,0,0,0,0
"201703020008",9,2,0,0,0,0
"201703020012",24,2,0,0,0,0
"201703020013",12,2,0,0,0,0
"201703020014",11,2,0,0,0,0
"201703020052",6,2,0,0,0,0
"201703020053",2,2,0,0,0,0
"201703020054",19,2,0,0,0,0
"201703020063",19,2,0,0,0,0
"201703020064",10,2,0,0,0,0
"201703020065",20,2,0,0,0,0
"201703020066",9,2,0,0,0,0
"201703020075",8,2,0,0,0,0
"201703020076",3,3,0,0,0,0
"201703020087",17,2,0,0,0,0
"201703020088",7,2,0,0,0,0
"201703020095",3,2,0,0,0,0
"201703020098",8,2,0,0,0,0
"201703020120",16,2,0,0,0,0
"201703020123",4,4,0,0,0,0
"201703020125",32,2,0,0,0,0
"201703020126",17,2,0,0,0,0
"201703020141",1,1,0,0,0,0
"201703020145",4,4,0,0,0,0
"201703020148",6,2,0,0,0,0
"201703020170",2,2,0,0,0,0
"201703020172",19,2,0,0,0,0
"201703020173",2,2,0,0,0,0
"201803008001",20,2,0,0,0,0
"201803008002",17,2,0,0,0,0
"201803008003",1,1,0,0,0,0
"201803008007",5,2,0,0,0,0
"201803008008",11,2,0,0,0,0
"201803008012",22,2,0,0,0,0
"201803008018",12,2,0,0,0,0
"201803008030",25,2,0,0,0,0
"201803008036",14,2,0,0,0,0
"201803008062",11,2,0,0,0,0
"201803008063",7,2,0,0,0,0
"201803008065",10,2,0,0,0,0
"201803008066",9,2,0,0,0,0
"201803008067",10,2,0,0,0,0
"201803008068",3,2,0,0,0,0
"201803008081",15,2,0,0,0,0
"201803008086",3,2,0,0,0,0
"201803008087",15,2,0,0,0,0
"201803008098",20,2,0,0,0,0
"201803008099",12,2,0,0,0,0
"201803008100",1,1,0,0,0,0
"201803008102",5,2,0,0,0,0
"201803008103",2,2,0,0,0,0
"201803008104",2,2,0,0,0,0
"201803008106",24,2,0,0,0,0
"201803008140",16,2,0,0,0,0
"201803008142",10,2,0,0,0,0
"201803008180",19,2,0,0,0,0
"201803008184",11,2,0,0,0,0
"201803008194",11,2,0,0,0,0
"201803010005",5,2,0,0,0,0
"201803010027",17,2,0,0,0,0
"201803010047",2,2,0,0,0,0
"201803010060",5,2,0,0,0,0
"201803010061",21,2,0,0,0,0
"201803010062",20,2,0,0,0,0
"201803010063",11,2,0,0,0,0
"201803010070",12,2,0,0,0,0
"201803010071",10,2,0,0,0,0
"201803010072",10,2,0,0,0,0
"201803010079",10,0,0,0,0,0
"201803010080",4,2,0,0,0,0
"201803010087",1,1,0,0,0,0
"201803010092",2,2,0,0,0,0
"201803010094",10,2,0,0,0,0
"201803010098",10,2,0,0,0,0
"201803010112",2,2,0,0,0,0
"201803010120",10,2,0,0,0,0
"201803010123",11,2,0,0,0,0
"201803010136",4,2,0,0,0,0
"201803010163",1,1,0,0,0,0
"201803010164",2,2,0,0,0,0
"201803017006",9,2,0,0,0,0
"201803017007",15,2,0,0,0,0
"201803017008",2,2,0,0,0,0
"201803017013",5,2,0,0,0,0
"201803017014",14,2,0,0,0,0
"201803017015",10,2,0,0,0,0
"201803017016",10,2,0,0,0,0
"201803017036",22,2,0,0,0,0
"201803017047",11,2,0,0,0,0
"201803017048",15,2,0,0,0,0
"201803017049",14,2,0,0,0,0
"201803017052",18,2,0,0,0,0
"201803017068",9,2,0,0,0,0
"201803017074",10,2,0,0,0,0
"201803017077",11,2,0,0,0,0
"201803017078",10,2,0,0,0,0
"201803017087",10,2,0,0,0,0
"201803017092",10,2,0,0,0,0
"201803017094",8,2,0,0,0,0
"201803017100",11,2,0,0,0,0
"201803017106",1,1,0,0,0,0
"201803017110",10,2,0,0,0,0
"201803017120",20,2,0,0,0,0
"201803017127",21,2,0,0,0,0
"201803017128",6,2,0,0,0,0
"201803017141",15,2,0,0,0,0
"201803017155",22,2,0,0,0,0
"201803017156",3,3,0,0,0,0
"201803017158",1,1,0,0,0,0
"201803020001",10,2,0,0,0,0
"201803020002",15,2,0,0,0,0
"201803020003",10,2,0,0,0,0
"201803020004",2,2,0,0,0,0
"201803020005",10,2,0,0,0,0
"201803020009",5,2,0,0,0,0
"201803020010",16,2,0,0,0,0
"201803020012",12,2,0,0,0,0
"201803020013",10,2,0,0,0,0
"201803020023",9,2,0,0,0,0
"201803020025",3,3,0,0,0,0
"201803020028",14,2,0,0,0,0
"201803020039",14,2,0,0,0,0
"201803020067",1,1,0,0,0,0
"201803020068",10,2,0,0,0,0
"201803020079",2,2,0,0,0,0
"201803020085",1,1,0,0,0,0
"201803020086",5,2,0,0,0,0
"201803020087",22,2,0,0,0,0
"201803020090",9,2,0,0,0,0
"201803020091",10,2,0,0,0,0
"201803020102",8,2,0,0,0,0
"201803020103",4,2,0,0,0,0
"201803020104",11,2,0,0,0,0
"201803020107",10,2,0,0,0,0
"201803020109",1,1,0,0,0,0
"201803020121",10,2,0,0,0,0
"201803020130",1,1,0,0,0,0
"201803020131",12,2,0,0,0,0
"201803020132",11,2,0,0,0,0
"201803020133",14,2,0,0,0,0
"201803020134",16,2,0,0,0,0
"201803020141",16,0,0,0,0,0
"201803020142",12,2,0,0,0,0
"201803020143",8,2,0,0,0,0
"201803020178",4,2,0,0,0,0
"201903008001",14,2,0,0,0,0
"201903008006",3,0,0,0,0,0
"201903008007",15,0,0,0,0,0
"201903008008",11,0,0,0,0,0
"201903008009",12,0,0,0,0,0
"201903008010",8,0,0,0,0,0
"201903008011",12,0,0,0,0,0
"201903008031",3,0,0,0,0,0
"201903008033",10,0,0,0,0,0
"201903008056",2,0,0,0,0,0
"201903008057",7,0,0,0,0,0
"201903008076",28,0,0,0,0,0
"201903008077",6,0,0,0,0,0
"201903008096",20,0,0,0,0,0
"201903008097",20,0,0,0,0,0
"201903008105",4,0,0,0,0,0
"201903008108",13,0,0,0,0,0
"201903008132",5,0,0,0,0,0
"201903008133",7,0,0,0,0,0
"201903008135",10,0,0,0,0,0
"201903008136",11,0,0,0,0,0
"201903008137",1,0,0,0,0,0
"201903008138",9,0,0,0,0,0
"201903008139",17,0,0,0,0,0
"201903008140",11,0,0,0,0,0
"201903008141",10,0,0,0,0,0
"201903008175",27,0,0,0,0,0
"201903008176",2,0,0,0,0,0
"201903008179",2,0,0,0,0,0
"201903008180",8,0,0,0,0,0
"201903020001",7,0,0,0,0,0
"201903020002",1,0,0,0,0,0
"201903020005",14,0,0,0,0,0
"201903020006",1,0,0,0,0,0
"201903020013",10,0,0,0,0,0
"201903020014",10,0,0,0,0,0
"201903020015",10,0,0,0,0,0
"201903020016",12,0,0,0,0,0
"201903020017",17,0,0,0,0,0
"201903020018",10,0,0,0,0,0
"201903020036",11,0,0,0,0,0
"201903020037",3,0,0,0,0,0
"201903020038",20,0,0,0,0,0
"201903020039",11,0,0,0,0,0
"201903020052",20,0,0,0,0,0
"201903020065",8,0,0,0,0,0
"201903020074",11,0,0,0,0,0
"201903020089",11,0,0,0,0,0
"201903020090",12,0,0,0,0,0
"201903020091",10,0,0,0,0,0
"201903020097",14,0,0,0,0,0
"201903020098",13,0,0,0,0,0
"201903020099",11,0,0,0,0,0
"201903020104",3,0,0,0,0,0
"201903020123",20,0,0,0,0,0
"201903020126",22,0,0,0,0,0
"201903020127",24,0,0,0,0,0
"201903020128",17,0,0,0,0,0
"202103008001",11,0,0,0,0,0
"202103008006",8,0,0,0,0,0
"202103008009",2,0,0,0,0,0
"202103008010",1,0,0,0,0,0
"202103008018",4,0,0,0,0,0
"202103008020",8,0,0,0,0,0
"202103008021",10,0,0,0,0,0
"202103008022",10,0,0,0,0,0
"202103008023",12,0,0,0,0,0
"202103008024",10,0,0,0,0,0
"202103008025",11,0,0,0,0,0
"202103008064",10,0,0,0,0,0
"202103008065",6,0,0,0,0,0
"202103008077",11,0,0,0,0,0
"202103008086",4,0,0,0,0,0
"202103008090",1,0,0,0,0,0
"202103008091",10,0,0,0,0,0
"202103008095",10,0,0,0,0,0
"202103008101",12,0,0,0,0,0
"202103008102",13,0,0,0,0,0
"202103008104",11,0,0,0,0,0
"202103008105",10,0,0,0,0,0
"202103008106",11,0,0,0,0,0
"202103008109",11,0,0,0,0,0
"202103008111",1,0,0,0,0,0
"202103008129",20,0,0,0,0,0
"202103008162",6,0,0,0,0,0
"202103008163",8,0,0,0,0,0
"202103008164",12,0,0,0,0,0
"202103010001",10,0,0,0,0,0
"202103010002",10,0,0,0,0,0
"202103010005",3,0,0,0,0,0
"202103010031",10,0,0,0,0,0
"202103010055",10,0,0,0,0,0
"202103010056",10,0,0,0,0,0
"202103010064",11,0,0,0,0,0
"202103010065",1,0,0,0,0,0
"202103010068",11,0,0,0,0,0
"202103010075",1,0,0,0,0,0
"202103010077",13,0,0,0,0,0
"202103010080",14,0,0,0,0,0
"202103010085",10,0,0,0,0,0
"202103010090",15,0,0,0,0,0
"202103010091",3,0,0,0,0,0
"202103010115",11,0,0,0,0,0
"202103010119",10,0,0,0,0,0
"202103010120",12,0,0,0,0,0
"202103010153",9,0,0,0,0,0
"202103017006",5,0,0,0,0,0
"202103017010",4,0,0,0,0,0
"202103017011",14,0,0,0,0,0
"202103017012",10,0,0,0,0,0
"202103017013",9,0,0,0,0,0
"202103017026",2,0,0,0,0,0
"202103017045",9,0,0,0,0,0
"202103017055",10,0,0,0,0,0
"202103017056",2,0,0,0,0,0
"202103017058",2,0,0,0,0,0
"202103017072",3,0,0,0,0,0
"202103017074",6,0,0,0,0,0
"202103017085",11,0,0,0,0,0
"202103017086",10,0,0,0,0,0
"202103017087",3,0,0,0,0,0
"202103017092",10,0,0,0,0,0
"202103017093",11,0,0,0,0,0
"202103017094",12,0,0,0,0,0
"202103017100",10,0,0,0,0,0
"202103017101",10,0,0,0,0,0
"202103017103",1,0,0,0,0,0
"202103017105",1,0,0,0,0,0
"202103017108",12,0,0,0,0,0
"202103017136",10,0,0,0,0,0
"202103017137",12,0,0,0,0,0
"202103017139",13,0,0,0,0,0
"202103017140",10,0,0,0,0,0
"202103017141",7,0,0,0,0,0
"202103017150",2,0,0,0,0,0
"202103017171",11,0,0,0,0,0
"202103017175",11,0,0,0,0,0
"202103017176",2,0,0,0,0,0
"202103020001",20,0,0,0,0,0
"202103020003",21,0,0,0,0,0
"202103020006",21,0,0,0,0,0
"202103020008",19,0,0,0,0,0
"202103020009",21,0,0,0,0,0
"202103020010",17,0,0,0,0,0
"202103020015",11,0,0,0,0,0
"202103020016",21,0,0,0,0,0
"202103020017",21,0,0,0,0,0
"202103020018",3,0,0,0,0,0
"202103020022",2,0,0,0,0,0
"202103020070",20,0,0,0,0,0
"202103020071",10,0,0,0,0,0
"202103020075",1,0,0,0,0,0
"202103020079",28,0,0,0,0,0
"202103020085",10,0,0,0,0,0
"202103020086",10,0,0,0,0,0
"202103020088",2,0,0,0,0,0
"202103020101",7,0,0,0,0,0
"202103020129",10,0,0,0,0,0
"202103020130",10,0,0,0,0,0
"202103020133",6,0,0,0,0,0
"202103020134",10,0,0,0,0,0
"202103020135",11,0,0,0,0,0
"202103020153",17,0,0,0,0,0
"202103020169",1,0,0,0,0,0
"202203008003",11,2,0,0,0,0
"202203008005",1,1,0,0,0,0
"202203008014",6,2,0,0,0,0
"202203008015",10,2,0,0,0,0
"202203008027",16,2,0,0,0,0
"202203008028",19,2,0,0,0,0
"202203008029",9,2,0,0,0,0
"202203008030",4,2,0,0,0,0
"202203008040",6,2,0,0,0,0
"202203008041",20,2,0,0,0,0
"202203008066",11,2,0,0,0,0
"202203008067",10,2,0,0,0,0
"202203008072",11,2,0,0,0,0
"202203008073",4,0,0,0,0,0
"202203008074",14,2,0,0,0,0
"202203008089",14,2,0,0,0,0
"202203008093",5,0,0,0,0,0
"202203008094",10,2,0,0,0,0
"202203008096",2,0,0,0,0,0
"202203008097",10,2,0,0,0,0
"202203008099",9,2,0,0,0,0
"202203008106",11,2,0,0,0,0
"202203008126",10,2,0,0,0,0
"202203008135",10,2,0,0,0,0
"202203008136",6,2,0,0,0,0
"202203008137",13,2,0,0,0,0
"202203008138",2,2,0,0,0,0
"202203008139",1,1,0,0,0,0
"202203008140",11,2,0,0,0,0
"202203008146",9,2,0,0,0,0
"202203008179",10,2,0,0,0,0
"202203010001",16,2,0,0,0,0
"202203010002",11,2,0,0,0,0
"202203010003",2,2,0,0,0,0
"202203010013",25,2,0,0,0,0
"202203010029",10,0,0,0,0,0
"202203010030",9,2,0,0,0,0
"202203010031",2,2,0,0,0,0
"202203010039",15,2,0,0,0,0
"202203010040",10,2,0,0,0,0
"202203010046",11,2,0,0,0,0
"202203010048",11,2,0,0,0,0
"202203010053",7,2,0,0,0,0
"202203017006",10,2,0,0,0,0
"202203017012",5,2,0,0,0,0
"202203017013",10,2,0,0,0,0
"202203017014",13,2,0,0,0,0
"202203017034",2,2,0,0,0,0
"202203017061",10,2,0,0,0,0
"202203017066",18,2,0,0,0,0
"202203017067",2,0,0,0,0,0
"202203017071",11,2,0,0,0,0
"202203017072",13,2,0,0,0,0
"202203017073",1,1,0,0,0,0
"202203017081",10,2,0,0,0,0
"202203017084",10,0,0,0,0,0
"202203017085",11,2,0,0,0,0
"202203017086",6,2,0,0,0,0
"202203017087",11,2,0,0,0,0
"202203017088",10,2,0,0,0,0
"202203017090",1,1,0,0,0,0
"202203017091",19,2,0,0,0,0
"202203017094",1,1,0,0,0,0
"202203017109",1,1,0,0,0,0
"202203017110",9,2,0,0,0,0
"202203017115",12,2,0,0,0,0
"202203017120",11,2,0,0,0,0
"202203017133",18,2,0,0,0,0
"202203017134",18,2,0,0,0,0
"202203017135",15,2,0,0,0,0
"202203017136",7,2,0,0,0,0
"202203020001",21,0,0,0,0,0
"202203020002",19,2,0,0,0,0
"202203020003",10,2,0,0,0,0
"202203020004",4,2,0,0,0,0
"202203020005",18,2,0,0,0,0
"202203020013",20,2,0,0,0,0
"202203020033",1,1,0,0,0,0
"202203020048",13,2,0,0,0,0
"202203020056",4,2,0,0,0,0
"202203020068",16,2,0,0,0,0
"202203020071",17,2,0,0,0,0
"202203020076",3,3,0,0,0,0
"202203020077",13,2,0,0,0,0
"202203020085",11,2,0,0,0,0
"202203020086",1,1,0,0,0,0
"202203020087",14,2,0,0,0,0
"202203020088",10,2,0,0,0,0
"202203020089",12,2,0,0,0,0
"202203020090",6,2,0,0,0,0
"202203020124",3,0,0,0,0,0
"202203020125",15,0,0,0,0,0
"202203020126",20,0,0,0,0,0
"202203020140",13,0,0,0,0,0
"202203020150",2,2,0,0,0,0
"202303008001",7,2,0,0,0,0
"202303008002",10,2,0,0,0,0
"202303008005",4,2,0,0,0,0
"202303008010",17,2,0,0,0,0
"202303008011",20,2,0,0,0,0
"202303008012",23,2,0,0,0,0
"202303008013",21,2,0,0,0,0
"202303008014",12,2,0,0,0,0
"202303008026",1,1,0,0,0,0
"202303008033",20,2,0,0,0,0
"202303008037",1,1,0,0,0,0
"202303008054",2,2,0,0,0,0
"202303008059",7,2,0,0,0,0
"202303008070",10,2,0,0,0,0
"202303008072",9,2,0,0,0,0
"202303008073",7,2,0,0,0,0
"202303008092",11,2,0,0,0,0
"202303008096",2,2,0,0,0,0
"202303008098",10,2,0,0,0,0
"202303008099",4,2,0,0,0,0
"202303008100",13,0,0,0,0,0
"202303008134",11,2,0,0,0,0
"202303008135",13,2,0,0,0,0
"202303008136",10,2,0,0,0,0
"202303008137",11,2,0,0,0,0
"202303008169",1,1,0,0,0,0
"202303008174",2,2,0,0,0,0
"202303010002",4,2,0,0,0,0
"202303010020",5,2,0,0,0,0
"202303010021",13,2,0,0,0,0
"202303010022",9,2,0,0,0,0
"202303010023",2,2,0,0,0,0
"202303010024",12,2,0,0,0,0
"202303010052",1,1,0,0,0,0
"202303010053",10,2,0,0,0,0
"202303010063",20,2,0,0,0,0
"202303010068",12,2,0,0,0,0
"202303010069",10,2,0,0,0,0
"202303010070",10,2,0,0,0,0
"202303010092",20,2,0,0,0,0
"202303010096",16,2,0,0,0,0
"202303010097",10,2,0,0,0,0
"202303010098",8,2,0,0,0,0
"202303010101",5,1,0,0,0,0
"202303010106",5,2,0,0,0,0
"202303010129",19,2,0,0,0,0
"202303010130",9,2,0,0,0,0
"202303017006",11,2,0,0,0,0
"202303017007",11,2,0,0,0,0
"202303017009",1,1,0,0,0,0
"202303017017",6,2,0,0,0,0
"202303017019",11,2,0,0,0,0
"202303017020",1,1,0,0,0,0
"202303017028",10,2,0,0,0,0
"202303017030",10,2,0,0,0,0
"202303017034",14,2,0,0,0,0
"202303017075",1,1,0,0,0,0
"202303017076",10,2,0,0,0,0
"202303017077",10,2,0,0,0,0
"202303017083",6,2,0,0,0,0
"202303017084",5,2,0,0,0,0
"202303017087",1,1,0,0,0,0
"202303017089",10,2,0,0,0,0
"202303017104",5,5,0,0,0,0
"202303017105",2,2,0,0,0,0
"202303017111",10,2,0,0,0,0
"202303017112",3,3,0,0,0,0
"202303017128",10,2,0,0,0,0
"202303017139",2,2,0,0,0,0
"202303017156",10,2,0,0,0,0
"202303017157",10,2,0,0,0,0
"202303017158",12,2,0,0,0,0
"202303020001",10,2,0,0,0,0
"202303020002",10,2,0,0,0,0
"202303020003",2,2,0,0,0,0
"202303020027",9,2,0,0,0,0
"202303020030",14,2,0,0,0,0
"202303020031",7,2,0,0,0,0
"202303020033",8,2,0,0,0,0
"202303020034",4,2,0,0,0,0
"202303020035",18,2,0,0,0,0
"202303020036",10,2,0,0,0,0
"202303020037",3,3,0,0,0,0
"202303020047",17,2,0,0,0,0
"202303020062",1,1,0,0,0,0
"202303020063",3,3,0,0,0,0
"202303020064",15,2,0,0,0,0
"202303020065",11,2,0,0,0,0
"202303020066",11,2,0,0,0,0
"202303020068",10,2,0,0,0,0
"202303020069",12,2,0,0,0,0
"202303020075",10,2,0,0,0,0
"202303020076",13,2,0,0,0,0
"202303020087",1,1,0,0,0,0
"202303020088",11,2,0,0,0,0
"202303020089",2,0,0,0,0,0
"202303020090",1,1,0,0,0,0
"202303020095",11,2,0,0,0,0
"202303020096",12,2,0,0,0,0
"202303020097",2,2,0,0,0,0
"202303020108",5,2,0,0,0,0
"202303020109",6,2,0,0,0,0
"202303020124",16,2,0,0,0,0
"202303020125",13,2,0,0,0,0
"202303020132",21,2,0,0,0,0
"202303020133",20,2,0,0,0,0
"202303020136",21,2,0,0,0,0
"202303020164",10,2,0,0,0,0
"202303020165",11,2,0,0,0,0
"202303020166",24,2,0,0,0,0
"202303020167",18,2,0,0,0,0
"202303020169",2,2,0,0,0,0
"202303020170",1,1,0,0,0,0
"202403008003",12,0,0,0,0,0
"202403008004",1,0,0,0,0,0
"202403008006",8,0,0,0,0,0
"202403008007",1,0,0,0,0,0
"202403008010",10,0,0,0,0,0
"202403008018",10,0,0,0,0,0
"202403008019",22,0,0,0,0,0
"202403008020",14,0,0,0,0,0
"202403008022",10,0,0,0,0,0
"202403008047",4,0,0,0,0,0
"202403008051",4,0,0,0,0,0
"202403008054",3,0,0,0,0,0
"202403008055",1,0,0,0,0,0
"202403008057",11,0,0,0,0,0
"202403008060",2,0,0,0,0,0
"202403008070",21,0,0,0,0,0
"202403008071",4,0,0,0,0,0
"202403008072",9,0,0,0,0,0
"202403008073",1,0,0,0,0,0
"202403008078",20,0,0,0,0,0
"202403008079",2,0,0,0,0,0
"202403008089",9,0,0,0,0,0
"202403008090",11,0,0,0,0,0
"202403008091",1,0,0,0,0,0
"202403008094",2,0,0,0,0,0
"202403008095",5,0,0,0,0,0
"202403008096",1,0,0,0,0,0
"202403008104",1,0,0,0,0,0
"202403008111",2,0,0,0,0,0
"202403008125",12,0,0,0,0,0
"202403008126",17,0,0,0,0,0
"202403008130",18,0,0,0,0,0
"202403008134",6,0,0,0,0,0
"202403008135",7,0,0,0,0,0
"202403008136",10,0,0,0,0,0
"202403008165",10,0,0,0,0,0
"202403008166",7,0,0,0,0,0
"202403008167",1,0,0,0,0,0
"202403010001",2,0,0,0,0,0
"202403010002",10,0,0,0,0,0
"202403010003",1,0,0,0,0,0
"202403010011",3,0,0,0,0,0
"202403010012",12,0,0,0,0,0
"202403010016",6,0,0,0,0,0
"202403010020",1,0,0,0,0,0
"202403010056",4,0,0,0,0,0
"202403010057",4,0,0,0,0,0
"202403010058",1,0,0,0,0,0
"202403010067",1,0,0,0,0,0
"202403010111",10,0,0,0,0,0
"202403010116",1,0,0,0,0,0
"202403010117",10,0,0,0,0,0
"202403010141",10,0,0,0,0,0
"202403017001",10,0,0,0,0,0
"202403017002",4,0,0,0,0,0
"202403017003",1,0,0,0,0,0
"202403017014",19,0,0,0,0,0
"202403017017",9,0,0,0,0,0
"202403017018",13,0,0,0,0,0
"202403017020",11,0,0,0,0,0
"202403017021",11,0,0,0,0,0
"202403017064",5,0,0,0,0,0
"202403017066",1,0,0,0,0,0
"202403017067",20,0,0,0,0,0
"202403017068",10,0,0,0,0,0
"202403017080",10,0,0,0,0,0
"202403017081",10,0,0,0,0,0
"202403017082",11,0,0,0,0,0
"202403017083",10,0,0,0,0,0
"202403017088",11,0,0,0,0,0
"202403017095",3,0,0,0,0,0
"202403017099",1,0,0,0,0,0
"202403017100",11,0,0,0,0,0
"202403017122",10,0,0,0,0,0
"202403017128",11,0,0,0,0,0
"202403017129",2,0,0,0,0,0
"202403017130",10,0,0,0,0,0
"202403017131",11,0,0,0,0,0
"202403017132",10,0,0,0,0,0
"202403017159",16,0,0,0,0,0
"202403017168",1,0,0,0,0,0
"202403017173",5,0,0,0,0,0
"202403017174",6,0,0,0,0,0
"202403020001",10,0,0,0,0,0
"202403020008",1,0,0,0,0,0
"202403020016",5,0,0,0,0,0
"202403020028",1,0,0,0,0,0
"202403020029",8,0,0,0,0,0
"202403020031",10,0,0,0,0,0
"202403020036",9,0,0,0,0,0
"202403020037",2,0,0,0,0,0
"202403020039",4,0,0,0,0,0
"202403020041",1,0,0,0,0,0
"202403020046",11,0,0,0,0,0
"202403020070",13,0,0,0,0,0
"202403020076",12,0,0,0,0,0
"202403020077",18,0,0,0,0,0
"202403020086",10,0,0,0,0,0
"202403020087",8,0,0,0,0,0
"202403020088",11,0,0,0,0,0
"202403020115",10,0,0,0,0,0
"202403020122",10,0,0,0,0,0
"202403020123",12,0,0,0,0,0
"202403020124",10,0,0,0,0,0
"202403020129",12,0,0,0,0,0
"202403020130",10,0,0,0,0,0
"202403020137",10,0,0,0,0,0
"202403020138",2,0,0,0,0,0
"202403020141",13,0,0,0,0,0
"202403020163",3,0,0,0,0,0
